工程名称	受益人
松江区九里亭街道横泾路二期（亭盛路-沪亭北路）新建工程	上海市松江区公路（市政）建设项目办公室
济南市凤鸣路（北段）道路建设工程（绿化工程）施工二标段	济南市历城区林业和城乡绿化局
新建茶叶精加工基地工程	青川七佛茶叶有限公司
新建成都北车站生产实训综合楼工程	中国铁路成都局集团有限公司成都北车站
坪山区翠景路（南段）市政工程（施工）	深圳市坪山区建筑工务局
狮岭大道（秀全水厂-南航大道路口）供水管工程	广州市源峰自来水有限公司
山东莱钢永锋钢铁有限公司环境深度治理3#4#烧结机烟气超低排放工程	浙江开尔新材料股份有限公司
济南市凤鸣路（北段）道路建设工程（绿化工程）施工五标段	济南市历城区林业和城乡绿化局
中国移动2019年至2020年传输管线工程施工服务集中采购（吉林）项目（标段2：长春外县；标段3：吉林市；标段6：通化；标段9：松原）	中国移动通信集团吉林有限公司
2018年嘉定区水闸维修工程	上海市嘉定区河道水闸管理所
河桥路北段道路工程	惠州市公用事业管理局
潍坊市弥河防洪治理工程（滨海段）施工1标	潍坊滨海投资发展有限公司
廊涿高速公路2019年主体养护工程施工	河北省高速公路廊涿管理处
新建学苑中学建设项目工程总承包（EPC）招标	衡水市学苑中学
佳兆业君汇上品项目主体工程	珠海市佳骏投资有限公司
中节能（涞水）生活垃圾焚烧发电项目建安工程	中节能（涞水）环保能源有限公司
山东（潍坊）公共实训基地G-01#教学实训楼装饰装修工程施工	潍坊市教育投资集团有限公司
19K007长安马自达旋转RTO废气治理安装工程	航天凯天环保科技股份有限公司
西充县多扶初级中学建设项目工程	西充县教育体育和科学技术局
南区产业园综合配套服务中心项目监理/标段	成都市天府新区南区产业园投资有限公司
晋江经济开发区（五里园）灵山路（英源路至金源路段）市政道路工程	福建省晋江市工业园区开发建设有限公司
将乐县城区西彦水厂供水工程净水厂区土建项目（重新招标）	将乐县镛城供水有限责任公司
中国移动2019年至2020年传输管线工程施工服务集中采购（云南）项目-标段8-份额6%-丽江全市	中国移动通信集团有限公司云南分公司
中国移动2019年至2020年传输管线工程施工服务集中采购（云南）项目-标段8-份额1%-迪庆全州	中国移动通信集团有限公司云南分公司
中国移动2019年至2020年传输管线工程施工服务集中采购（云南）项目-标段8-份额3%-楚雄全州	中国移动通信集团有限公司云南分公司
潍河峡山段防汛应急工程施工二标段	峡山区水利项目建设管理局
奥园（英德）文化旅游城（一期）巧克力工厂室内包装工程	奥园集团（英德）有限公司
白马西坡至豹岩公路改扩建工程项目	重庆市武隆旅游有限责任公司
车行天下汽车城（二期）室内公共部分装修及附属工程设计施工一体化项目设计	昆明城投汽车产业投资有限公司
东西湖区农村村庄生活污水专项治理项目施工（五标段东山地区）	武汉临空港经济技术开发区服务业发展投资集团有限公司
赣州华润万橡公馆项目外墙涂料工程	赣州润地置业有限公司
武汉至阳新高速公路（武汉段）施工监理招标标段WYJL-1	武汉市武阳高速公路投资管理有限公司
潍坊市弥河防洪治理工程（滨海段）施工1标	潍坊滨海投资发展有限公司
集双高速东丰至双辽段机电工程DSL29标段施工	吉林省高等级公路建设局
贵州省遵义公路管理局2019年G210线公路中修工程施工招标	贵州省遵义公路管理局
中国移动2019年至2020年传输管线工程施工服务集中采购（福建）项目的标下的包1	中国移动通信集团福建有限公司
中国电信股份有限公司昆明分公司2018年智慧城市WiFi深度覆盖杆塔及配套项目	中国电信股份有限公司昆明分公司
秀山县防空防灾宣教馆建设工程（EPC总承包模式）	秀山土家族苗族自治县民防办公室
中建·宜昌之星项目C地块二期金属门窗工程	中建三局宜昌建设发展有限公司
2019年亳州市谯城区扩面延伸工程（一标段）	亳州市谯城区十八里镇人民政府、亳州市魏岗镇人民政府、亳州市谯城区牛集镇人民政府、亳州市谯城区十河镇人民政府
童梦天下二期项目商业裙楼Q1~Q5栋幕墙工程	佛山市东基童悦房地产开发有限公司
高碑店列车新城项目一期一标段（1、2组团）幕墙及钢结构工程	高碑店市中誉房地产开发有限公司
东风汽车集团股份有限公司乘用车扩建项目临时路和围墙工程	东风汽车集团股份有限公司
淮北市公路网命名编号调整工程	淮北市公路管理局
潮州腾瑞中心幕墙工程	广东腾瑞投资有限公司
中国大唐集团有限公司湖南分公司耒阳电厂生活区“三供一业”物业维修改造项目	耒阳市房产管理局
大华1935项目一期内部改造提升项目LED屏供货及安装工程	西安曲江复地文化商业管理有限公司
高碑店列车新城项目一期一标段（1、2组团）幕墙及钢结构工程	高碑店市中誉房地产开发有限公司
2018年农安县本级财政资金高标准农田建设项目(三标段：龙王乡高标准农田）	农安县农业综合开发办公室
欧意150亿/年口服制剂FDA扩产暨制剂区配套设施项目质检综合楼内装修施工工程	石药集团欧意药业有限公司
南水北调中线河南分局郑州管理处2019年土建日常维修养护项目	南水北调中线干线工程建设管理局
潍河峡山段防汛应急工程施工一标段	峡山区水利项目建设管理局
S212线大山至望谟界至S213与S212交叉口段（原S209线K328+855～K329+060）灾毁恢复重建工程施工	贵州省兴义公路管理局
芙蓉街道中堰公路路面改造工程	重庆市武隆区人民政府芙蓉街道办事处
皇冠湖壹号项目5、8号楼厨卫精装工程	成都申珑房地产开发有限公司
高邮市2019年度县道公路小修保养项目GY2019XXBY-2标段	江苏省高邮市公路管理站
中国邮政储蓄银行汉中市分行营运用房装修改造施工项目	中国邮政储蓄银行股份有限公司陕西省分行
岳麓峰景二期二批公区精装修工程	长沙荣湘房地产开发有限公司
花语书苑项目二期公区精装修工程	长沙荣苑房地产开发有限公司
潘集区祁集镇2018年“四好”农村道路硬化工程建设项目	淮南市潘集区交通局
2019年G324线油路大中修工程施工	贵州省兴义公路管理局
黔西南州普通国省干线公路网命名编号调整（国道部分）施工（XYGLGLJ-1标段）	贵州省兴义公路管理局
S309线K431+000~K442+544.4油路大中修工程施工	贵州省兴义公路管理局
高效农业示范区——浪漫花海段	东莞市万江街道办事处
S315沿山至德卧公路石板（S214与S315）交叉口至贞丰县与安龙县管养县界K458+032～K458+182灾毁恢复重建工程施工	贵州省兴义公路管理局
济南市凤鸣路（北段）道路建设工程（绿化工程）施工一标段	济南市历城区林业和城乡绿化局
诸城市青墩水库除险加固工程施工三标段	诸城市青墩水库管理局
潍河治理工程施工3标	诸城市河道管理局
山东省齐州监狱扩建项目红线外新增道路及环路工程（含路灯）二标段	山东省齐州监狱
新建532、533、534、538库房工程	中国人民解放军63790部队保障部运输营房处
国道112线霸州与安次交界至太平桥段预养工程施工	廊坊市公路管理处
济南市凤鸣路（北段）道路建设工程（绿化工程）施工四标段	济南市历城区林业和城乡绿化局
金地商置北京大兴黄村项目商办示范区一期精装修工程	北京金地兴晟房地产开发有限公司
新都区斑竹园镇、泰兴镇、新繁镇城乡建设用地增减挂钩试点项目施工斑竹园镇竹柚塘居一、二期总平工程标段	成都香投房地产开发有限公司
新都区斑竹园镇、泰兴镇、新繁镇城乡建设用地增减挂钩试点项目施工斑竹园镇仁和村农村新型社区项目总平工程标段	成都香投房地产开发有限公司
花都汽车产业基地岭东路污水管道工程（车城大道-沿江大道）	广州花都汽车城发展有限公司
花都汽车产业基地岭东路污水管道工程（车城大道-沿江大道）	广州花都汽车城发展有限公司
板芙镇里溪石角雨污分流工程	中山市板芙镇城乡建设服务中心
如意路绿化景观改造提升工程施工总承包	潮州市枫溪区市政管理所
武汉市轨道交通8号线二期工程气体自动灭火系统总承包	武汉地铁集团有限公司
邵阳经济开发区高崇山镇污水处理设施建设项目施工	邵阳市宝庆工业新城建设投资开发有限公司
933所区814和906子项工程施工	中国工程物理研究院化工材料研究所
随县普通公路“建养一体化”（第一批）施工监理SXJYJL-2标段	随县交通运输局
景龙社区健康服务中心改造工程	深圳市龙华区人民医院
景龙社区健康服务中心改造工程	深圳市龙华区人民医院
中电投务川县大竹园铝土矿矿部办公楼工程	国家电投集团贵州遵义产业发展有限公司
寿光市丹河防洪治理工程施工三标	寿光市河道防洪治理工程建设局
2018年增城区（派潭镇）新建绿道建设工程	广州市增城区派潭镇人民政府
微山县环城水系建设工程项目微矿路公园、新河湾公园 II期工程-工程施工标	微山县水务局
开发区 2018 年度基础设施提升二郎湖路等道路工程	滁州市南谯区重点工程建设管理局
西宁市湟水河夜景照明工程二标段	西宁市湟水投资管理有限公司
禹门口灌区2018年水利发展资金维修养护项目汾南和浍河灌溉片施工标	山西省禹门口水利工程管理局
禹门口灌区2018年水利发展资金维修养护项目汾南和浍河灌溉片施工标	山西省禹门口水利工程管理局
长沙经开区科技新城回购物业第二批装修工程施工	长沙经济技术开发区项目开发建设管理有限公司
诸城市规划内2020年度27座小型水库除险加固工程4标段	诸城市小型水库除险加固工程建设局
广州地铁线网机电设备（环控、低压配电、给排水）委外维修项目（第1标段）	广州地铁集团有限公司
东一新村城中村综合整治工程	深圳市龙华区民治街道办事处
孝感市中心医院内科综合楼净化项目	孝感市中心医院
广州市净水有限公司2018-2020年度污水处理厂及相关泵站绿化养护、保洁等服务项目（标段三：广州市猎德污水处理厂）	广州市猎德污水处理厂
寿宁县安宁至底洋公路工程	寿宁县梦龙旅游投资开发有限公司
古田城西工业区标准化厂房建设项目工程总承包监理招标（重新招标）	古田县城市建设投资开发有限公司
东一新村城中村综合整治工程	深圳市龙华区民治街道办事处
东莞市粮作花卉研究所麻涌示范中心	东莞实业投资控股集团有限公司
资阳市雁江区2018年城区背街小巷整治项目施工	资阳市雁江建设投资集团有限公司
岚皋县2019年第一批脱贫攻坚县乡路项目（SG-1标段）	岚皋县交通运输局
聊城市马颊河王铺节制闸除险加固工程施工标	聊城市河道工程管理处
武警训练基地营房平改坡工程1标段（1-5号（西侧）和教学楼）施工	中国人民武装警察部队湖北省总队
世茂龙泉项目三期三批次保温及外立面装饰工程（1、12、17、25、15、16、19、27、28#楼及门卫室）	成都世茂新城房地产开发有限公司
广州亚运城项目自编号F地块F1分区地下室及3#楼消防工程	广州利合房地产开发有限公司
152条黑臭河涌城中村污水治理工程—番禺区广州大学城南亭村、穗石村、北亭村、贝岗村污水治理工程，南区供水分公司南亭村、穗石村、北亭村、贝岗村供水管网改造工程勘察设计施工总承包(EPC)（标段一）	广州市番禺区人民政府小谷围街道办事处
锦云路、锦泰路、锦云西三巷、锦云西四巷之间新建商业及其附属设施（ 城南文化活动中心）监理	成都金融城投资发展有限责任公司
上海石库门酿酒有限公司污水总排放口处理设施新建项目	上海石库门酿酒有限公司
板芙镇里溪石角雨污分流工程	中山市板芙镇城乡建设服务中心
木里县文化旅游服务建设项目（瓦厂镇）施工标段	木里县国有投资发展有限责任公司
田家镇场镇污水处理设施项目/标段	内江市东兴区住房和城乡建设局
长乐新区营育路道路工程（施工）	长乐新区建设工作指挥部办公室
广州白云国际机场扩建工程第三跑道安置区二期配套排水工程	广州市白云区水务工程建设管理中心
广州白云国际机场扩建工程第三跑道安置区二期配套排水工程	广州市白云区水务工程建设管理中心
新建富杰高中宿舍楼	上海闵行城市建设投资开发有限公司
新建富杰高中宿舍楼	上海闵行城市建设投资开发有限公司
浦江新选址1号基地E9-02高中新建宿舍楼	上海闵行城市建设投资开发有限公司
马棚堰闸房改建工程EPC项目	成都市融禾现代农业发展有限公司
浦江新选址1号基地E9-02高中新建宿舍楼	上海闵行城市建设投资开发有限公司
高新六路加压站扩建工程项目供电工程EPC	武汉市自来水有限公司
万州区分水镇黄泥村、红豆村、花屋村、三元村2018年第二批财政涉农资金“四好农村路”通组公路建设工程	重庆市万州区分水镇人民政府
普格县普基镇中心校综合楼建设项目	普格县教育和科学技术知识产权局
西昌市2018年高标准农田建设项目（太和、裕隆、高草片区）III标段施工	西昌市农牧局
社康就医环境提升工程（施工）	深圳市坪山区建筑工务局
国道G338肃临线至石衡界段改建工程一期工程监理（含委托代建）	安平县交通运输局
山西省祁县至离石高速公路施工监理项目（ZD3）	吕梁祁县至离石高速公路建设有限公司
平原县公安局桃园派出所业务技术用房建设项目（二次）	平原县公安局
金茂接中环排江管网工程施工	荆州经济技术开发区政府投资工程建设管理中心
王家港路（沙岑路至荆沙大道）污水管网配套工程	荆州经济技术开发区政府投资工程建设管理中心
万华化学（四川）有限公司四川眉山项目一期土建工程（即年产25万吨高性能改性树脂项目）	万华化学（四川）有限公司
“两横一纵”道路延伸线及相关工程项目监理标段	新津新城发展集团有限公司
青岛新机场空管工程甚高频及场监雷达铁塔工程	中国民用航空青岛空中交通管理站
青岛新机场空管工程甚高频及场监雷达铁塔工程	中国民用航空青岛空中交通管理站
安康恒大御景半岛首期大门、1#~18#楼、幼儿园、地下车库及室外园区消防工程	陕南地产安康有限公司
观溪新区经一路、福环路（清泓街-清荣大道）道路工程等8项交通工程	福清市城投建设投资集团有限公司
宝安区罗田林场（罗田森林公园）综合管养服务	深圳市宝安区罗田林场
将军山消防站建设工程施工总承包	广州市广园路建设公司
旬阳县仙河镇生活垃圾处理工程一标段	旬阳县城乡建设开发投资有限责任公司
国家电投江西泰和浪川风电场道路工程	国家电投集团江西吉安新能源有限公司泰和分公司
新郑市交通运输局茨山路南移建设工程五标段	新郑市交通运输局
大理供电局云龙县2018年第三批10kV及以下配网工程	云南电网有限责任公司大理供电局
巢湖市 2018 年农村道路畅通工程危桥加固改造施工（一标段）	巢湖市交通运输局
铜川新材料产业园经一路（纬一路至纬九路段）道路工程勘察设计	铜川市交通运输局
深圳机场东工作区至P1人行天桥工程	深圳市机场（集团）有限公司
深圳机场公安应急处突临时屯兵点工程	深圳市机场（集团）有限公司
潮州深能甘露2×100MW级燃气热电联产工程桩基	潮州深能甘露热电有限公司
涡阳县经开区旭日安置小区监理	涡阳县重点工程建设管理局
青岛新机场空管工程（业务区和塔台总图工程）	中国民用航空青岛空中交通管理站
青岛新机场空管工程（业务区和塔台总图工程）	中国民用航空青岛空中交通管理站
河南移动2019年-2020年小额零星房屋维修采购项目（选包11：濮阳）	中国移动通信集团河南有限公司濮阳分公司
河南移动2019年-2020年小额零星房屋维修采购项目（选包7：郑州）	中国移动通信集团河南有限公司郑州分公司
嘉通高速收费站入口治超设施建设工程	湖北中交嘉通高速公路发展有限公司
张家口市2019年普通干线公路大中修工程施工109DE标段	张家口市公路管理处
河南移动2019年-2020年小额零星房屋维修采购项目（选包4：驻马店）	中国移动通信集团河南有限公司驻马店分公司
河南移动2019年-2020年小额零星房屋维修采购项目（选包4：驻马店）	中国移动通信集团河南有限公司驻马店分公司
152条黑臭河涌城中村污水治理工程—荔湾区西塱村、东塱村、增滘村、花地村、南漖村、龙溪村、南海村污水治理工程--（西塱村污水治理工程）施工总承包	广州市荔湾区人民政府东漖街道办事处
152条黑臭河涌城中村污水治理工程—荔湾区西塱村、东塱村、增滘村、花地村、南漖村、龙溪村、南海村污水治理工程--（西塱村污水治理工程）施工总承包	广州市荔湾区人民政府东漖街道办事处
平罗县新安公路改扩建工程（一标段）	平罗县交通运输局
遵义市播州区平正水库工程	遵义市播州区重点水源工程管理局
京港澳高速 (北部实验区代管边界－东海路南400米)生态廊道绿化提升工程施工第四标段	郑州航空港经济综合实验区（郑州新郑综合保税区）社会事业局
金口水厂二期工程供电工程设计施工总承包（EPC）（二次招标）	武汉市自来水有限公司
山东省科技馆新馆项目冷水机组采购	山东省科学技术协会
玉林市镇忠社区棚户区改造项目（一期）基础工程	玉林市玉州区交通投资有限责任公司
省道S223线梅县区雁洋至梅城段路面改造工程及省道S223线梅县区雁洋至梅江区秀兰大桥段公路安全生命防护工程二标段	梅州市公路局直属分局
弥勒通用机场建设工程项目非民航专业工程建设	云南机场集团有限责任公司
2018-2020年度三峡电站污水设备改造	中国长江电力股份有限公司
郑州市普通国省道干线公路智慧公路建设示范项目三标段	郑州市公路管理局
山东传媒职业学院二期学生公寓楼施工工程	山东传媒职业学院
胶州市临空经济区环机场景观廊道工程六标段	青岛胶州水务投资开发有限公司
崇州市2018年国家农业综合开发高标准农田建设项目施工	崇州市公议乡人民政府
宜宾市长江生态综合治理项目（临港段）万顺堂道路工程	宜宾临港建设有限公司
济南绿城汉峪项目二期B8地块南区合院、多层保温线条工程	济南东创置业有限公司
济南绿城汉峪项目二期B8地块（12-19#楼）保温线条工程	济南东创置业有限公司
牌坊河（生物产业园段）边坡治理工程施工	宜昌高新技术产业开发区房屋征收与补偿管理处
35条黑臭河涌城中村-白云区石马村、平沙村污水治理工程施工图设计优化、施工和供水管网工程勘察设计施工总承包（EPC）	广州市白云区水务工程建设管理中心
35条黑臭河涌城中村-白云区石马村、平沙村污水治理工程施工图设计优化、施工和供水管网工程勘察设计施工总承包（EPC）	广州市自来水公司
三峡后续工作长江中下游影响处理湖北宜昌段二期河道整治工程（临江溪至磨盘溪段）一标段（LM01L2至LM22+1L2）施工	宜昌市城市建设投资开发有限公司
中国移动广东公司2019年消防值班服务采购框架合同（标段4-百安）	中国移动通信集团广东有限公司
152条黑臭河涌城中村污水治理工程—白云区萧岗村污水治理工程施工图设计、施工总承包（EPC）及大坦沙污水处理系统管网工程—新市涌以东片区一期—萧岗涌-萧岗北涌污水管道工程（萧岗村段）施工总承包	广州市白云区水务工程建设管理中心
中国移动广东公司2019年消防系统设备维护维修服务框架合同（标段4-百安）	中国移动通信集团广东有限公司
华润置地郑州京润花园项目外墙保温装饰一体板工程A标段	河南京润万象房地产开发有限公司
35条黑臭河涌城中村-白云区石马村、平沙村污水治理工程施工图设计优化、施工和供水管网工程勘察设计施工总承包（EPC）	广州市自来水公司
山西包容性农业产业融合发展项目香菇加工车间建设土建工程	曲沃县绿恒农业发展有限公司
401及924厂区供配电设施改造	中国工程物理研究院总体工程研究所
东区枝山排洪渠出口段连通工程	广州开发区财政投资建设项目管理中心
南沙中交明珠国际项目北地块（2014NJY-9）C2室内公共区域精装修工程	中交四公局南沙中交明珠国际北地块项目经理部
广州生物医药健康产业基地健康大道一期工程（净水厂外围配套管网进水主管K0+015.834~K0+819.809）施工总承包	广州市白云区建设工程管理中心
东坡路慢道、人行道改造工程	滁州市市政公用设施运行管理处
正黄·金色悦府项目栏杆制安工程	四会市正黄置业有限公司
广安枣山园区玉兔幼儿园建设项目（建筑工程）	广安枣园投资开发集团有限公司
平邑县2019年度小型水库除险加固工程（第一批）施工五标段	平邑县小型水库除险加固工程建设管理局
御景天水B组团别墅区地块铝合金门窗与百页制作安装工程	重庆天成缘江置业有限公司
西安浐灞生态区灞河以西区域2019年至2020年绿化养护和改造维护服务项目八标段	西安市浐灞生态园林景观有限公司
成都市青羊区苏坡乡中坝村8组建设商业用房、农贸市场、社区用房、社区卫生服务中心、社区养老服务设施、综合健身馆、文化活动中心、公厕、环卫休息站、再生资源回收站等附属设施项目（光华新座）正式用电工程	成都市住房保障中心，成都成房置业有限公司
五华县水寨中学百年纪念楼建设项目	五华县水寨中学
成都大熊猫繁育研究基地10KV双电源开关站安装增容工程（项目编号：5101012019000096）	成都大熊猫繁育研究基地
四川青神岷江流域生态屏障建设项目-城北防护林片营造林建设-黑龙竹林生态项目（竹里桃花）施工/标段	青神发展投资控股有限公司
黄河嘉园6#、8#楼及其地下车库消防工程二次	三门峡建安房地产开发有限公司
三峡后续工作长江中下游影响处理湖北宜昌段二期河道整治工程（临江溪至磨盘溪段）二标段	宜昌市城市建设投资开发有限公司
三元区东牙溪水库水源地安全保障达标建设项目保护区封闭及综合措施工程	三明市三元区中村乡人民政府
中山市小榄车站搬迁改建工程	中山市小榄车站
龙虾节广场升级改造工程	盱眙县住房和城乡建设局、淮安市盱眙城市资产经营有限责任公司
无锡亿丰项目B地块一标段铝合金门窗工程	无锡亿丰置业有限公司
诸城市青墩水库除险加固工程施工一标	诸城市青墩水库管理局
苏州市张家港云樾兰庭项目一期二标段铝合金门窗、百叶及格栅工程	张家港城西碧桂园房地产开发有限公司
深华快速绿化提升工程	深圳市龙华区城市管理局
惠来县前詹镇卫生院医疗综合大楼建设项目	惠来县前詹镇卫生院
潍河治理工程施工4标	诸城市河道管理局
恩施市2018年农村公路安全生命防护“455”工程第三标段	恩施市农村公路管理局
恩施市2018年农村公路安全生命防护“455”工程第三标段	恩施市农村公路管理局
诸城市墙夼水库与涓河、涓河与三里庄水库水系连通项目施工1标	诸城市墙夼水库管理局
正黄·金色悦府项目门窗工程	四会市正黄置业有限公司
西湖湿地国际花园项目园区道路工程二标段	珠海天志发展置业有限公司
潜江市2018年度农业综合开发高石碑镇兴隆高标准农田建设项目A2标段	潜江市农业综合开发办公室
G25长深高速服务区提升改造工程第一合同段	齐鲁交通服务开发集团有限公司
昭觉县2018年易地扶贫搬迁安置点安全饮水工程及2018年整合资金农村饮水安全巩固提升集中供水工程（补充部分）施工二标段	昭觉县水务局
升庵廉洁文化教育基地项目工程施工/标段	成都市新都区兴城建设投资有限公司
成都画院画家工作室改扩建项目施工成都画院画家工作室室内拆除及改造工程标段	成都画院
云津观棠17号楼售楼部及样板房装修工程	成都津华置业有限公司
祖墩乡岭完、山源等5个贫困村2018年第二批中央彩票公益金小型生产性公益设施建设工程	松溪县祖墩乡人民政府
广州市花都区花东镇塘尾水库安全达标工程除险加固	广州市花都区花东镇人民政府
怡和新城F1区2栋1至3层及1栋3层改造工程设计-施工总承包	成都经济技术开发区城市建设投资经营有限公司
天泽路幼儿园旁绿地及公厕建设工程施工	成都市金牛农发投资有限公司
寿阳县新能源集控中心建设项目EPC总承包建筑布展装饰工程施工承包	中国能源建设集团山西省电力勘测设计院有限公司
柘荣县Y707梨坑至熊透公路工程	柘荣县城郊乡人民政府
北大资源·余政储出[2016]40号地块项目洋房铝合金门窗（一标段）工程	杭州玉宸地产有限公司
后海滨路中心区片区区属公共绿地管养服务（1年）	深圳市南山区园林绿化管理所
龙虾节广场升级改造工程	盱眙县住房和城乡建设局、淮安市盱眙城市资产经营有限责任公司
中国人民武装警察部队郴州支队新营区信息化建设项目（标段一）	中国人民武装警察部队郴州支队
越西县文星小学等6个学校建设项目5标段	越西县教育和科学技术知识产权局
石棉县大酒店升级改造工程消防专业分包项目	雅安市华盛建筑工程有限公司
涪陵八中学生宿舍建设工程	重庆市涪陵第八中学校
红安县生活垃圾焚烧发电项目全厂建筑工程	红安绿色动力再生能源有限公司
改建实验小学（东区）、扩建黄甲初中等4个工程监理扩建黄甲初中标段监理标段	成都双流兴城置业有限公司
纵三路、书香景园路、天津路交警信号、标志、标线采购项目	淄博新城区开发建设办公室
潍河治理工程施工4标	诸城市河道管理局
仙林湖西侧小学土建及水电安装工程施工	南京仙林开发投资集团有限公司
大藤峡水利枢纽工程水库淹没抬填造地金鸡乡防护 A3 片区	武宣县水库移民工作管理局
大藤峡水利枢纽工程水库淹没区抬填造地三里河防护区工程左 B 片区	武宣县水库移民工作管理局
孝感市府澴河防洪治理二期工程（云梦段）第三标段	孝感市府澴河防洪治理二期工程（云梦段）项目建设管理办公室
周口北环（周淮路-周西路段）新建工程	周口市公路管理局
湖南省湘澧盐化有限责任公司制盐系统节能增效技术改造项目—10000m3/h循环水节能环保改造项目：新建双曲线冷却塔工程及配套工程	湖南省湘澧盐化有限责任公司
奉节县梅溪河流域重点河段综合治理工程	重庆奉节水电开发有限公司
潍河治理工程施工6标	诸城市河道管理局
潍河治理工程施工1标	诸城市河道管理局
黄河下游防洪工程（山东段）第二批施工第四标段	山东黄河河务局工程建设中心
星月花园排水工程临时改造项目	成都双流兴城建设投资有限公司
黄河下游防洪工程（山东段）济南防洪工程第二标段	山东黄河河务局工程建设中心
安溪县东二环石狮岩隧道右洞机电、消防、监控等工程提升改造工程	安溪县路桥建设发展有限公司
农安县妇幼保健计划生育服务中心综合楼及附属房工程施工	农安县妇幼保健计划生育服务中心
贵阳龙洞堡机场三期扩建工程供电工程监理项目	贵州省机场集团有限公司贵阳龙洞堡国际机场三期扩建工程指挥部
七步中心小学综合楼	福建省周宁县七步中心小学
郑州市侯寨水厂工程中途提升泵站供电外线项目	郑州自来水投资控股有限公司
青岛市高速公路路网命名编号交通标志调整工程	青岛市高速公路管理处
青岛市高速公路路网命名编号交通标志调整工程	青岛市高速公路管理处
曲阳县S526郎家庄至虎山公路等六项道路建设项目代建服务（项目编号：HXCTBD-2018056）	曲阳县道路开发中心
SJD-12供配电系统改造4PS和7PS10KV配电站整治工程(第二次)	中国工程物理研究院动力部
金潇路（银杉路-潇湘北路）道路工程施工	长沙湘江新城投资有限公司
信宜市县道X463新宝至思贺公路升级改造工程	信宜市地方公路建设项目管理处
华能沁北电厂一二期煤场封闭改造建筑工程	华能沁北发电有限责任公司
2019年公共绿地管养项目（滨河、滨海大道段）	深圳市绿化管理处
罗田社区公园综合管养服务	深圳市宝安区燕罗街道办事处
东兴冲榄工业园供水管网一期工程（横三路和纵四路一期）	广西东兴冲榄工业园开发投资有限公司
蓬安县自来水公司第二水厂项目	四川省蓬安县自来水公司
娄底经济技术开发区民福安置基地项目配套道路工程施工	湖南省娄底经济技术开发投资建设集团有限公司
四川职业技术学院新校区三期建设项目边坡治理工程-f段边坡支护施工项目	四川职业技术学院
山东新和成氨基酸有限公司综合办公楼外装工程	山东新和成氨基酸有限公司
宝山区罗泾镇(牌楼村、宝丰村)2018年都市现代农业示范区农田水利设施建设工程	上海市宝山区水利管理所
南水北调中线建管局河南分局辖区局部边坡不稳定弃渣场加固工程施工1标	南水北调中线干线工程建设管理局
安丘市三年规划内剩余小型病险水库除险加固工程施工一标段	安丘市小型水库除险加固工程建设局
五河县人民医院门急诊病房综合楼项目净化及医用气体工程	五河县新型城镇化建设投资有限公司
长春龙嘉国际机场宾馆餐厅装修改造工程	吉林省民航机场集团公司
南水北调中线渠首分局辖区段局部边坡不稳定弃渣场加固项目施工1标	南水北调中线干线工程建设管理局
华蓥市玉兰大道城市棚户区改造项目配套基础设施工程施工	华蓥市工业发展区管理委员会
成华区成都双语实验学校立体绿化工程项目施工标段（第二次）	成都市成华区城市管理局
南宁市五象新区核心区商务街项目小区内部道路工程（1号路、2号路、3号路、4号路）	广西广通房地产开发有限公司
荣乌高速公路乌海段绿化工程第三标段	乌海市林业局
高密市2018年城区道路交通护栏、标志牌增设、改造及路口信号灯设置安装项目标段三	高密市公安局交通警察大队
小得石移民集中安置点生产安置工程	米易县扶贫和移民工作局
回龙圩管理区污水处理厂配套管网工程	永州市回龙圩管理区城市建设投资开发有限责任公司
乐至县 2018 年第二批移民后期扶持资金项目	乐至县水务投资有限公司
华夏幸福孔雀城住宅二十分公司2019-2020年保温涂料工程	眉山孔雀城房地产开发有限公司
威信县扎西河流污染治理工程项目二标	威信县环境保护局
峡山区2019、2020两年度8座小（2）型水库除险加固工程施工二标段	峡山区水利项目建设管理局
松岗街道道路绿化管养服务项目(A包)	深圳市宝安区松岗街道办事处
洪雅国际“农旅+康养”基地PPP项目（花溪零碳国家农业产业园、玉屏山森林康养基地）监理服务采购项目	洪雅县柳江古镇旅游风景区管理委员会
射洪县螺丝池水电厂增效扩容改造项目设计变更	国网四川射洪县供电有限责任公司
聊城市徒骇河王堤口节制闸除险加固工程施工标	聊城市河道工程管理处
X983线洪山至渡头段公路改建工程	霞浦县畅达交通建设有限责任公司
宝安区图书馆周边增种木兰工程（小型工程）	深圳市宝安区城市管理局
广安市武胜县中医医院城南院区建设项目、武胜县中医医院城南院区地下设备用房及停车场建设项目、武胜县中医医院医养结合中心建设项目、武胜县妇幼保健院建设项目、武胜县残疾人康复中心项目施工	四川省武胜县中医医院
南部县县城排污管网（雨污分流）建设工程（一期）一标段施工	南部县住房和城乡规划建设局
应城经济开发区城中村棚户区改造项目（二标段：飞跃安置小区）	湖北应城经济开发区管理委员会
大英县祥凤寨水库库区防护及回填造地工程施工	大英县祥凤寨水库建设开发有限责任公司
荔湾区城中村治理-海中村配套自来水改造工程施工	广州市自来水公司
荔湾区城中村治理-海中村配套自来水改造工程施工	广州市自来水公司
2018年花城广场及海心沙公园专项维护项目施工总承包	广州新中轴建设有限公司
152条黑臭河涌城中村污水治理工程—荔湾区南漖村污水治理工程	广州市荔湾区人民政府东沙街道办事处
汾河太原段综合治理三期工程2#蓄水池工程施工十二标（三标段东岸Z9+800-Z10+300）	中国葛洲坝集团第六工程有限公司
汾河太原段综合治理三期工程2#蓄水池工程施工十二标（二标段西岸Z9+800-Z10+300）	中国葛洲坝集团第六工程有限公司
雷州市雷高镇国家农业综合开发第二批高标准农田建设项目增加部分建设工程（修建田间硬底化道路工程）	雷州市农业综合开发办公室
中移建设有限公司吉林分公司2018-2019年通信工程劳务分包项目	中移建设有限公司吉林分公司
诸城市共青团水库除险加固工程施工3标	诸城市共青团水库管理处
雅安农商银行名山支行营销中心灾后重建项目	雅安农村商业银行股份有限公司
融创华中区域2018-2020年度门窗、百叶、格栅、玻璃栏板供货及安装工程集中采购	武汉融创基业控股集团有限公司
平原县公安局龙门派出所业务技术用房建设项目	平原县公安局
渝高·观澜A组团（大竹林项目）二期景观园林工程	重庆渝高科技产业(集团)股份有限公司
平原县公安局基层建设项目（三唐、腰站、王杲铺、王打卦）C包：平原县公安局基层建设项目（王杲铺）	平原县公安局
抚顺-锦州成品油管道工程外电工程（阀室10KV线路工程项目）增量合同	中国石油天然气管道通信电力工程有限公司
抚顺-锦州成品油管道工程外电工程（阀室10kV线路工程）增量合同	中国石油天然气管道通信电力工程有限公司
龙华区2018年公厕改造提升工程	深圳市龙华区城市管理局
融汇大厦项目监理	武汉荣泰汇地产有限公司
潜江市2018年农业综合开发老新镇刘场片高标准农田补建项目B1标段	潜江市农业综合开发办公室
天河区城中村污水治理及自来水改造工程--新塘村片区一二八九社污水治理工程	中国水利水电第一工程局有限公司
下朗村内河驳岸修复及景观建设工程	东莞市茶山镇水务工程建设运营中心
金秀县三角至甲江公路工程	金秀县农村公路建设办公室
桂林师范高等专科学校临桂新校区景观设计--图书馆室外景观工程	桂林师范高等专科学校
侨香五道管廊设施建设工程施工总承包	深圳市万科发展有限公司
涡阳县道源湿地公园环湖跑道工程（桥梁）	涡阳县重点工程建设管理局
中山翠亨国家湿地公园市政供水工程	中山翠亨新区工程项目建设管理中心
华发首府花园三期（2标段）裙楼网格造型、裙楼塔楼门窗幕墙工程	珠海横琴华发房地产投资有限公司
华发首府花园三期（1标段）裙楼网格造型、裙楼塔楼门窗幕墙工程	珠海横琴华发房地产投资有限公司
2018-2019年湛江市农业综合开发现代农业示范项目区（高标准农田建设创新试点项目）-湛江雷州市高标准农田建设项目	雷州市农业综合开发办公室
南水北调中线渠首分局辖区段局部边坡不稳定弃渣场加固项目施工1标	南水北调中线干线工程建设管理局
成华南路、高攀路、共和路、领事馆路、龙江路、太升南路、致民东路、 建设南路、交大路、金府路洞子口路双荆路、荆竹西路、一环路东二段共 12条排水管网病害治理维护工程项目施工十标段（第二次）	成都市排水设施管理处
南水北调中线建管局河南分局辖区局部边坡不稳定弃渣场加固工程施工1标	南水北调中线干线工程建设管理局
思蒙河丹棱城区段综合治理项目第1标段思蒙河城区段护岸工程项目施工/标段	丹棱发展投资控股有限责任公司
定远县池河治理2011年度剩余工程	定远县水务局
福州地铁1号线2019-2021年度新店车辆基地及清凉山停车场机电设备设施委外维保项目	福州地铁集团有限公司
抚顺-锦州成品油管道工程外电工程（阀室10KV线路工程项目）增量合同	中国石油天然气管道通信电力工程有限公司
抚顺-锦州成品油管道工程外电工程（阀室10kV线路工程）PC承包合同增量合同	中国石油天然气管道通信电力工程有限公司
抚顺-锦州成品油管道工程外电工程（辽河站66KV线路工程）增量合同	中国石油天然气管道通信电力工程有限公司
抚顺-锦州成品油管道工程外电工程（辽河站66KV线路工程）增量合同	中国石油天然气管道通信电力工程有限公司
合肥公元天下A地块塑钢门窗供货施工工程	合肥和桂房地产有限公司
新塘镇通达路（环城路至港口大道）建设工程	广州市增城区新塘镇人民政府
格兰上郡二期（1#-3#、7#-9#、13#、14#、1#-3#、18#-20#、24#-26#、30#-32#、36#、37#楼及地下车库）工程二标段	嘉兴市格澜置业有限公司
平原县公安局基层建设项目（三唐、腰站、王杲铺、王打卦）D包：平原县公安局基层建设项目（王打卦）	平原县公安局
亿高医疗器械产业园项目幕墙工程	南京联亿医疗器械有限公司
中国西安X2PJT中FAB南侧幕墙工程(A24PKG)	陕西建工第五建设集团有限公司
新建京港台高铁（河北段）征拆费用审价咨询	河北省铁路建设管理办公室
中国西安X2PJT中FAB南侧幕墙工程(A24PKG)	陕西建工第五建设集团有限公司
牛力家园二期基坑支护工程	湖南牛力房地产开发有限公司
协和红瓦九年制学校及配套道路建设工程监理标段	成都双流兴城置业有限公司
常德市武陵区常蒿路小学（武陵区第一小学）建设项目一期工程	常德江北投资建设集团有限公司
浏阳市2018年度综合改革试点县高标准农田建设（土地整治）项目C包第五标段	浏阳市水利与农田建设管理委员会
昆明市虹桥片区、东白沙河片区租赁性住房项目设计-采购-施工总承包（EPC）监理服务（二标段）	昆明市公共租赁住房开发建设管理有限公司
随州市站前西路一期工程	随州市发展实业有限公司
日兰高速曲阜东互通立交工程施工二标段	济宁市公路事业发展中心
湖州南太湖产业集聚区吴兴杨渎桥至南浔菱湖公路工程公路项目第4标段	湖州南浔交通水利投资建设有限公司
青海省重点监管场所视频监控系统二期工程（长宁监狱）项目（一标段）	青海省长宁监狱
西藏昌都市丁青县当堆水电站工程施工	昌都市水利局
从化珠江国际城C1区16-30栋“两点一线”园林建筑及绿化工程	广东珠江工程总承包有限公司
湖州南太湖产业集聚区吴兴杨渎桥至南浔菱湖公路工程公路项目第4标段施工	湖州南浔交通水利投资建设有限公司
瑞安万松城市综合体项目一号地块二期主体工程	瑞安市中宝置业有限公司
深圳市绿化管理处公共绿地管养项目承包合同	深圳市绿化管理处
杭绍台高速公路工程台州段街头互通及主线（1号、2号、3号桥）、始丰溪特大桥、霞山村桥、路基和涵管工程	上海隧道工程有限公司
杭绍台高速公路工程台州段大岙溪（1号桥、2号桥）、岙口（1号桥、2号桥）、路基、涵管工程	上海隧道工程有限公司
丹大线产业区至大徐段改建工程	宁波交运建设有限公司
南沙区横沥镇兆丰社区三线下地工程	广州市南沙区横沥镇人民政府
新建532、533、534、538库房工程	中国人民解放军63790部队保障部运输营房处
白泉乡百里村至巫溪中岗（双庙垭口）公路工程	重庆宏畅交通建设有限公司
内乡县工业园区供水管网配套工程（三次）	广州市番禺区毓贤学校
中国电信普洱公司2018年通信线路维护及应急抢修项目集中招标（云南德凯）	中国电信股份有限公司普洱分公司
泛海国际公寓（10号地块）二期6号楼户内及公共部位精装修工程	泛海建设控股有限公司
泛海国际公寓（10号地块）二期6号楼户内及公共部位精装修工程	泛海建设控股有限公司
大藤峡水利枢纽工程水库淹没抬填造地金鸡乡防护A2片区工程	武宣县水库移民工作管理局
吉林省中部城市引松供水工程辽源干线三标段	黄河建工集团有限公司
青岛华润城一期项目（5#-8#楼）地暖工程	青岛地铁华润置地开发有限公司
合江县法王寺生态旅游扶贫项目（一期）监理	四川符阳文化旅游开发有限公司
青岛华润城一期项目（1#-4#楼、9#-11#楼）地暖工程	青岛地铁华润置地开发有限公司
苏魏路、威团路道路建设工程勘察-设计-施工一体化总承包(EPC)	泸州市江阳区通滩镇人民政府
蒙城县庄周现代农业农村土地流转（土地整理及林网工程等）项目	蒙城县兴农发展投资有限公司
正果镇墟河涌黑臭河涌整治工程—二涌	广州市增城区正果镇人民政府
四川省乐山市城乡污水综合治理、五通桥茫溪河综合治理与工业园区供水打包PPP项目监理服务采购(第一包)，项目编号：SCZCZB2018-073号	乐山市住房和城乡规划建设局
瑞丽至腾冲高速公路瑞丽至陇川段环境保护专项工程施工招标（二次）	云南瑞陇高速公路建设指挥部
S207线（G355）K199+000-K203+400、K182+500-K192+200，S309线（G357）K118+000-K121+000、K129+000-K140+000水泥砼路面大修工程D标（S309线（G357）K129+000-K140+000）	福建省漳州市公路局平和分局
重庆上镜花园项目外墙石材专业分包工程	中国建筑第八工程局有限公司
铁投碧水云天项目二期消防、通风排烟工程	四川铁投恒祥置业有限公司
正荣府项目塑钢门窗及格栅百页供货安装工程施工合同	合肥正裕置业发展有限公司
涡阳县城乡道路客运一体化建设项目（客运中心枢纽站、涡北枢纽站）工程施工1标段	涡阳县重点工程建设管理局
西安SCS厂区内临建工程之玻璃幕墙临建工程（A24-PKG）	三星物产建设（西安）有限公司
西安SCS厂区内临建工程之玻璃幕墙临建工程（A24-PKG）	三星物产建设（西安）有限公司
崇州市三郎镇环山渠、四公桩段黑臭河治理截污管道埋设工程项目施工	成都市琉璃旅游投资开发有限责任公司
云南腾冲至陇川高速公路施工监理服务招标第JL-2标段施工监理	云南腾陇高速公路有限责任公司
G35济广高速服务区提升改造工程第二合同段	齐鲁交通服务开发集团有限公司
广州市南沙区2017年美丽乡村建设项目库大岗镇大岗村、北流村项目	广州市南沙区大岗镇人民政府
广州市南沙区2017年美丽乡村建设项目库大岗镇上村村、高沙村、岭东村项目	广州市南沙区大岗镇人民政府
广州市南沙区2017年美丽乡村建设项目库大岗镇大岗村、北流村项目	广州市南沙区大岗镇人民政府
广州市南沙区2017年美丽乡村建设项目库大岗镇上村村、高沙村、岭东村项目	广州市南沙区大岗镇人民政府
军运会重点保障线路桥梁景观照明提升景观照明施工建设项目（第五标段）	武汉市桥梁维修管理处
中海•樘院项目JY17-5#地块总承包工程	青岛中海海创置业有限公司
区政务中心公共临时停车场项目施工	成都市新都区兴城建设投资有限公司
济南至东营高速公路防洪影响补救措施工程第二合同段	齐鲁交通发展集团有限公司济南至东营高速公路项目建设办公室
晋能保德2×660MW超超临界低热值煤发电工程运灰道路施工工程	晋能保德煤电有限公司
成都龙湖·铁塔厂2期集中商业幕墙工程	成都龙湖辰顺置业有限公司
济南远大购物广场场地清表工程一标段	济南远大房地产开发有限公司
崇礼城区至红旗营公路工程项目房建工程施工	张家口市崇礼区交通运输局
邢汾高速公路部分路段增设声屏障工程施工	河北省高速公路邢汾管理处
金融大厦雅诗阁智能化工程项目施工	长沙恒诚业房地产开发有限公司
中国邮政储蓄银行股份有限公司青岛分行平度支行营运用房装修改造项目	中国邮政储蓄银行股份有限公司青岛分行
大足区铁山镇2018年“四好农村路”工程	重庆市大足区铁山镇人民政府
番禺区毓贤学校全校改造工程	广州市番禺区毓贤学校
引汉济渭调水工程管理调度自动化系统项目计算机监控系统施工	太极计算机股份有限公司
邯郸市孙庄采矿有限公司矿井水处理项目	邯郸市孙庄采矿有限公司
邯郸市孙庄采矿有限公司矿井水处理项目	邯郸市孙庄采矿有限公司
株洲金轮津桥华府项目一期铝合金门窗、空调百叶、幕墙、玻璃栏杆施工工程	株洲翡翠金轮置业有限公司
珠江好世界项目1-5#栋住宅楼铝合金门窗及百页工程（第二标段）	湖南珠江实业投资有限公司
长沙县安沙镇红旗垸排涝治理工程	长沙县安沙镇人民政府
山西空管分局值班用房/山西空管分局新建职工活动中心	中国民用航空华北地区空中交通管理局山西分局
金堂县清江客运站建设工程施工（第二次）	成都宜居水城城乡交通建设投资有限公司
南沙蕉门岛项目南地块消防工程	广州市保宏房地产开发有限公司
宝华路花样街区工程	深圳市龙华区龙华街道办事处
永川区子庄小学工程监理	重庆市永川区惠通建设发展有限公司
广物汽贸深圳骏腾北方汽车大厦装修改造工程	深圳市广物骏腾汽车销售服务有限公司
慧展科技（杭州）有限公司商业、商务用房项目B2.B3楼精装修工程	大象建筑设计有限公司
梅溪湖国际新城雷锋水质净化厂配套主干管网（四期）项目肖河末端污水管（肖河下游河口-雷锋污水提升泵站）工程施工	梅溪湖投资（长沙）有限公司
京哈高速公路声屏障工程施工	天津天昂高速公路有限公司
长沙南山·十里天池南地块二期住宅及小学消防工程	长沙南山天池房地产有限公司
酉阳县楠木乡红庄村至板溪山羊村联网路工程（二标段）	酉阳县隆达公路建设投资有限公司
万州区2018年财政涉农资金“四好农村路”通组公路建设项目-天城镇工农村、老岩村通组公路硬化工程	重庆市万州区天城镇人民政府
防城港市西湾东岸沿海景观配套服务设施项目	防城港市港口区城市建设投资有限责任公司
衡水市桃城区河沿镇及高新区集中供热（北沼家园一区）庭院管网EPC总承包	建投河北热力有限公司
腾冲玛御谷温泉国际旅游度假区悦椿酒店一期客房区及前勤区外墙铝合金门窗、格栅工程	腾冲玛御谷润禾园置业有限公司
湖北国际物流核心枢纽花马湖水系综合治理近期工程施工监理	湖北国际物流核心枢纽花马湖水系综合治理近期工程建设管理办公室
九里亭街道涞寅路（九谊路-新漕泾）污水改建工程	上海市松江区人民政府九里亭街道办事处
宁乡市S327老粮仓伍家至五里堆公路工程施工第三标段	宁乡市交通建设投资有限公司
2017年民众镇内河综合整治工程	中山市民众镇水利所
四川省都江堰东风渠灌区“7.2”、“7.11”水毁第一批修复工程	四川省都江堰东风渠管理处
诸城市三里庄水库除险加固工程施工三标段	诸城市三里庄水库管理局
莱茵公馆项目门窗项目工程	青岛德淼建设发展有限公司
诸城市共青团水库除险加固工程施工2标	诸城市共青团水库管理处
昆明市城市防洪排涝综合整改工作（春雨路面山洪水拦截工程）施工02标段	昆明市西山区水务局
樱花长堤（云海大道-云天大道）新建工程项目施工	株洲市龙母河生态新城开发有限公司
济南市历城区彩石镇西彩石六村城中村改造村民安置用房二期消防工程	济南市历城区旅游路片区建设指挥部
中海华山珑城项目西G地块道路工程	济南中海城房地产开发有限公司
望谟县乐元镇管洲至里好（里上至边艾）通村公路建设项目	望谟县富达交通建设有限公司
吴圩镇3号路南延（规划20号路—规划24号路）工程	南宁绿港建设投资集团有限公司
郑东新区石武客专沿线两侧防护林带等区域绿化工程施工（二次）	郑东新区市政园林建设项目部
同乐主排排洪河、马鞍山排洪河和双龙路绿化景观及配套设施建设工程项目监理/标段	成都鑫华农业有限公司
金堂县农村饮水巩固提升东风水厂三期工程	成都金堰水业有限责任公司
鄂州市国有企业（中、省）职工家属区“三供一业”程潮矿业物业分离移交维修改造项目（一标段）	鄂州城发物业管理有限责任公司
板芙镇里溪石角雨污分流工程	中山市板芙镇城乡建设服务中心
合肥葛洲坝滨湖BH2016-08地块（中国府一期）项目消防工程施工	合肥葛洲坝房地产开发有限公司
合肥葛洲坝滨湖BH2016-08地块（中国府一期）项目消防工程施工	合肥葛洲坝房地产开发有限公司
梅溪湖节庆岛二号桥工程施工	梅溪湖投资（长沙）有限公司
韶关芙蓉新区城市地下综合管廊及同步建设工程——滨江路延长线(滨江路3#、4#段)施工	韶关市城市投资发展集团有限公司
兴山县古夫保障房小区绿化及基础配套设施工程	兴山县房产管理局
中山市智能制造装备产业园基础配套设施（智慧路）工程施工项目	中山市板芙镇城市建设投资有限公司
宜宾市长江生态综合治理项目（临港段）新朝门道路工程	宜宾临港建设有限公司
宜宾临港经济技术开发区嘉信路市政道路改造工程	宜宾临港建设有限公司
杨陵区漆水河乔家底至下川口段防洪工程项目施工Ⅲ标段	杨陵区漆水河防洪治理工程项目建设管理办公室
花都区花山镇永乐村、东方村、南村村2017年度高标准农田建设项目	广州市花都区花山镇人民政府
花都区花山镇紫西村、源和村、儒林村2017年度高标准农田建设项目	广州市花都区花山镇人民政府
福田区侨香五道（安托山二路-安托山四路）、安托山二路（侨香四道-北环辅道）、安托山三路（侨香四道-安托山四路）市政工程施工总承包	深圳市万科发展有限公司
下早老村城中村综合治理工程	深圳市龙华区大浪街道办事处
大唐国际锡林浩特电厂（2x660MW）机组输煤系统C标段输煤设备安装工程	大唐环境产业集团股份有限公司
152条黑臭河涌城中村污水治理工程——荔湾区海中村污水治理工程施工	广州市荔湾区人民政府中南街道办事处
荆州市第一人民医院门诊住院大楼医用净化项目	荆州市第一人民医院
152条黑臭河涌城中村污水治理工程——荔湾区海中村污水治理工程施工	广州市荔湾区人民政府中南街道办事处
济南至东营高速公路环保提升工程施工	齐鲁交通发展集团有限公司济南至东营高速公路项目建设办公室
贵州财经大学花溪校区三期电力收尾工程项目	贵州财经大学
东莞市中堂燃气热电联产项目桩基工程	中机国能电力工程有限公司
水城县2018年勺米片区城市棚户区改造项目勘察、施工总承包（EPC）	水城县棚户区改造服务中心
潇湘大道三段10KV电力埋管工程	湖南湘江新区投资集团有限公司
荔湾区十七条河涌水环境治理工程（河涌整治）——棉村涌调补水工程	广州市荔湾区水务设施管理中心
荔湾区十七条河涌水环境治理工程（河涌整治）——棉村涌调补水工程	广州市荔湾区水务设施管理中心
滁州市南谯区文华路道路工程（黄圩路~南工四路）	滁州市南谯区重点工程建设管理局
双流区体育中心体育场贵宾包厢和体育馆贵宾区改造项目施工	成都市双流区聚源融资投资管理服务有限公司
雅安市大兴片区公园路道路工程（项目名称）/标段施工	雅安发展投资有限责任公司
新建广汉市人民医院地基处理、桩基础工程	四川航天建筑工程有限公司
锦江区凯天社区新建农贸市场及配套设施项目（蓉逸好邻凯天社区综合楼）基坑工程施工标段	成都城乡商贸物流发展投资（集团）有限公司
凤台县华诚路道路工程、西一路智能交通和绿化工程	凤台县重点工程建设管理局
招商兰溪谷北区一期主体合同外工程	漳州招商房地产有限公司
招商兰溪谷南区二期主体合同外工程	漳州招商房地产有限公司
杨林工业园区装备制造园公租房西侧道路（装备制造园1号路-装备制造园2号路段）建设项目	云南泰佳鑫投资有限公司
长沙市浏阳市文家市镇岩前新村片高标准农田建设（农业综合开发）项目第二标段	浏阳市农业综合开发办公室
深圳市龙华区观澜街道桂花社区贵湖塘新村城中村综合整治工程	深圳市龙华区观澜街道办事处
深圳市龙华区观澜街道桂花社区贵湖塘新村城中村综合整治工程	深圳市龙华区观澜街道办事处
深圳市东部环保电厂配套灰渣综合利用及处置场应急土建工程	深圳市深能环保东部有限公司
金刀峡镇三金路金刀峡段、风箱沟路改建工程	重庆市北碚区金刀峡镇人民政府
明发池州桃源名著项目消防工程	明发集团池州房地产开发有限公司
武夷山市“水美城市”建设项目（二期）施工监理	博天（武夷山）水美有限公司
珠江三角洲水资源配置工程临时营地建设项目办公改造及辅助零星工程	广东粤海珠三角供水有限公司
格尔木市新区安登路道路建设工程施工工程	格尔木盐湖城投资开发有限责任公司
火箭军指挥学院抗震节能综合改造项目	火箭军指挥学院
洪山路营业厅改造升级装修工程	中国电信股份有限公司武汉分公司
吴江太湖新城轨交4号线松陵大道站-地铁设施安全防护工程	苏州市吴江恒运置业有限公司
共和至玉树公路改扩建工程交通安全设施专项工程施工GYJAZX-SG3标段第五次招标	青海地方铁路建设投资有限公司
成都市成华区迎晖路六号地块住宅、酒店、办公及配套设施、社区服务中心二期（9号楼）厨房电器供应及安装合同	信和置业（成都）有限公司
何叔衡、谢觉哉故居至G234/S327连接公路四标段	宁乡市交通建设投资有限公司
广州市黄埔区文冲街骏鸿花园、海关小区微改造项目	广州岭头生态农业发展有限公司
广州市黄埔区文冲街骏鸿花园、海关小区微改造项目	广州岭头生态农业发展有限公司
娄底湘中国际物流园家饰及日用品展示交易中心（F地块平基工程）	娄底经济技术开发区土地储备中心
华东区域金科蠡湖B地块幕墙工程（一标段）	无锡恒远地产有限公司
国道G205线梅县区段（锭子桥至南口段）、国道G206线梅县区段、原省道S223线梅县区段、省道S224线梅县区段、省道S332线梅县区段公路安全生命防护工程（第2标段）	梅州市梅县区公路局
铜陵市人民医院手术室装饰装修工程项目（二次）	铜陵市人民医院
龙岩坪坑水库工程C4标引水隧洞及出口钢管工程	福建省水利投资开发集团新罗水务有限公司
安徽金寨抽水蓄能电站业主营地及公路绿化工程	安徽金寨抽水蓄能有限公司
三坊路绿化升级改造项目	广州市番禺区人民政府石壁街道办事处
中铁一局集团建筑安装工程有限公司兰州SOHO项目室内精装修工程	中铁一局集团建筑安装工程有限公司
华荣西路工程施工	珠海市斗门区政府投资建设工程管理中心
华中科技大学校医院扩建项目	华中科技大学
兴县农村公路扶贫建设项目裴家川口至瓦塘公路工程施工第二标段	兴县交通基础设施建设投资开发有限公司
四川出版传媒中心（财富支点大厦）建设项目景观照明工程	四川出版集团有限责任公司
青羊区实验小学西区教学楼扩建项目	成都市兴光华城市建设有限公司
2017年增城区森林碳汇工程(B标)	广州市增城区林业和园林局
亚洲开发银行贷款宁夏中部节水特色农业示范项目马鞍山特色农业示范工程	银川市绿化养护管理站
珞璜工业园绕城南片区十字干道（马南大道、南区大道）道路工程一期	重庆江津综合保税区开发建设有限公司
潘一东工广内地销煤道路修复工程	淮南矿业集团选煤有限责任公司
兴安盟科尔沁右翼前旗贫困村道路提升工程QQLJL-2018-02标段	科右前旗农村公路建设项目管理办公室
长影环球100老艺术家创作中心B区（Z06地块）铝合金门窗及幕墙工程二标段	长影长流（海南）房地产开发有限公司
中心城区市政主干道路路面及综合提升改造项目（宏基路、2#路）	中山市代建项目管理办公室
2018年增城区（中新镇）新建绿道建设工程	广州市增城区中新镇人民政府
赛江流域防洪三期工程（柘荣段）城郊乡赤岭溪堤段	柘荣县龙禹水利建设有限公司
科右前旗2018年第一批公路工程及桥梁工程QQTJ-2018-02标段	科右前旗农村公路建设项目管理办公室
山东新和成氨基酸综合办公楼及门卫主体结构、给排水、电气工程总承包	山东新和成氨基酸有限公司
彭水县2018年水土保持重点工程乔梓乡小流域施工	重庆福冠投资有限公司
中核时代广场A地块住宅户内精装修工程Ⅰ标段设计及施工	武汉中核投资发展有限公司
中核时代广场A地块住宅户内精装修工程Ⅰ标段设计及施工	武汉中核投资发展有限公司
度假区样板区A、C1、C2户型精装修	湖北仙旅置业有限公司
度假区样板区A、C1、C2户型精装修	湖北仙旅置业有限公司
乐清中能环球中心桩基础工程	乐清晨德置业有限公司
山东新和成维生素生产管理中心、门卫主体结构、给排水、电气工程总承包	山东新和成维生素有限公司
军运会重点保障线路桥梁景观照明提升景观照明施工建设项目(第三标段)	武汉市桥梁维修管理处
国家电投江西定南云台山126MW风电场工程风机吊装场平、风机基础、箱变基础、风机吊装（安装）、水保等工程A标段	国家电投集团江西定南新能源有限公司
昌乐县2018年第二批棚户区改造项目4#至14#住宅楼、幼儿园及地下车库施工、消防、监理第四标段	昌乐县城市建设投资开发有限公司
昭觉县第二水厂建设项目（二期）施工	四川省昭觉县自来水有限责任公司
从化珠江国际城C2区13-22栋市政工程	林芝珠江装饰有限公司
雅安市南郊水厂扩建项目	雅安市供排水公司
兴县农村公路扶贫建设项目裴家川口至瓦塘公路工程第一合同段	兴县交通基础设施建设投资开发有限公司
井研县幸福大道三期市政道路工程	井研县住房和城乡规划建设局
重庆市巴南区高洞子水库工程（滩子口水库溢洪道扩建工程）（二次）施工	重庆市成易水利开发有限公司
广州市南沙区修仕倍励实验学校项目桩基工程	广州修仕倍励教育投资管理有限公司
何叔衡、谢觉哉故居至G234/S327连接公路六标段	宁乡市交通建设投资有限公司
柳城街道办事处下都至上都道路提升改造工程	南安市柳城街道办事处
点军区农村路网改造工程安全生命防护工程2018年第二批项目（一标段）	湖北利融惠勇建设工程有限公司宜昌分公司
X521线西长至大新公路（新编G359/S311线扶绥渠黎至雷州）K37+000～K53+000段路面中修工程№.1标段施工GXFSGLJ.2018-1	广西壮族自治区扶绥公路管理局
长沙县2018年第一批国家农业综合开发土地治理项目第三标段	长沙县农业综合开发办公室
中移在线淮安园区运营支撑中心室内装修项目	中移在线服务有限公司
西昌市2018年高标准农田建设项目（黄水片区）	西昌市农牧局
洋湖之心项目G432地块铝合金门窗工程	长沙禧荣置业有限公司
广西西江集团投资股份有限公司那吉电厂上游护坡改造工程施工	广西西江集团投资股份有限公司
沙井街道城中村供电设施改造工程	深圳市宝安区沙井街道办事处
常熟集美院项目外墙涂料工程（1#-8#楼，11#，14-17#以及其他辅房涂料工程）	苏州常骏房地产开发有限公司
甘洛县阿兹觉乡阿兹觉村通村公路小老木桥工程	甘洛县公路管理局
番禺区火烧岗生活垃圾卫生填埋场出入口改造工程	广州市番禺区城市管理局
广物汽贸羊城现代店迁址改建工程	广东广物羊城汽车销售有限公司
昭觉县“十一五”期间通乡公路改善提升建设项目施工一标段	昭觉县国有投资发展有限责任公司
高界管理处2018年望东长江大桥北岸接线段增设声屏障工程施工	安徽皖通高速公路股份有限公司高界管理处
2018-2020年广州市花都区流溪河灌区工程维修养护施工	广州市花都区流溪河灌区工程管理处
华润置地成都金悦湾二期（一标段）10号楼精装修工程	华润置地（成都）青羊有限公司
北京新机场东航基地项目一阶段工程第Ⅱ标段(生活服务区)泛光照明工程	中国建筑第二工程局有限公司
长沙海关驻黄花机场海关机构基础设施项目工程施工	湖南长顺项目管理有限公司
翠亨新区起步区基础设施填土工程（土方运输）三标段	中山翠亨投资有限公司
南京怡置江北G07地块桩基围护及降水工程	南京怡置江北房地产开发有限公司
重庆市茶园新区供水管网二期工程（东港片区供水管网土建及安装标段）	重庆市东部水务技术开发有限公司
重庆市茶园新区供水管网二期工程（东港片区供水管网土建及安装标段）	重庆市东部水务技术开发有限公司
惠州市五矿·哈施塔特项目四期一区高层边坡土石方工程	博罗县碧华房地产开发有限公司
汕头市东海岸新城综合管廊工程PPP项目全程跟踪评审（工程造价咨询）	汕头市东部城市经济带建设开发管理中心
练塘镇2018年都市现代农业示范项目小型农田水利工程	上海市青浦区水利管理所
乐至县城区联网路建设项目三标段	乐至县新城投资有限公司
徐州西区热电厂A地块项目全期二标段铝合金门窗工程	徐州融耀置业有限公司
测试	深圳双林电子有限公司
广西西江集团投资股份有限公司那吉电厂上游护坡改造工程施工	广西西江集团投资股份有限公司
2017年增城区森林碳汇工程（D标）	广州市增城区林业和园林局
东凤镇鸡肠滘路口至永益水闸段大堤拓宽工程	中山市东凤镇水利所
格力电器武汉产业园项目生活区二期公租房项目工程9号楼、10号楼、11号楼（一标段）	格力电器（武汉）有限公司
清东陵高速公路水毁恢复工程	河北省高速公路京哈北线管理处
济南市东客站综合交通枢纽绿化工程施工（项目编号：2018LLLH12Z0309）标段一	济南轨道交通集团建设投资有限公司
钦州钦南项目B地块大商业装修工程二标段	钦州新城万博房地产开发有限公司
山西包容性农业产业融合发展项目香菇加工车间建设土建工程	曲沃县绿恒农业发展有限公司
2017年度增城区石滩镇石厦村南片区高标准农田建设项目	广州市增城区石滩镇人民政府
凤凰山森林公园综合管养服务项目	深圳市宝安区公园管理中心
福飞路延伸段道路工程	福清市城投建设投资集团有限公司
兴宁市镇级垃圾填埋场整改工程勘察、设计、施工EPC总承包	兴宁市住房和城乡规划建设局
河南省前坪水库主体工程服务类项目监理4标	河南省前坪水库建设管理局
广物汽贸清远荣威、斯柯达专卖店迁址改造工程项目	清远市广物骏孚汽车销售服务有限公司、清远市广物众达汽车销售服务有限公司
格力电器武汉产业园项目生活区二期公租房项目5号楼、6号楼、7号楼、8号楼、地下室、食堂、垃圾房（二标段）	格力电器（武汉）有限公司
农业综合开发2018年延吉市朝阳川灌区节水改造项目	延吉市现代农业生产发展资金项目建设管理办公室
南京紫郡府项目叠墅区毛细管网及新风工程施工	葛洲坝融创南京房地产开发有限公司
茂名保利东江小区二期一标项目消防工程	茂名保利弘盛房地产开发有限公司
西藏湘河水利枢纽及配套灌区工程施工监理二标段	日喀则珠峰城市投资发展有限公司
仙林湖西侧小学土建及水电安装工程施工	南京仙林开发投资集团有限公司
2017年增城区森林碳汇工程（E标）	广州市增城区林业和园林局
马边彝族自治县西安子至二坝改建工程	马边彝族自治县禾丰国有资产有限公司
南京紫郡府项目叠墅区毛细管网产品供货	葛洲坝融创南京房地产开发有限公司
南宁市邕高污水提升泵站工程	广西绿城水务股份有限公司
大唐三门峡发电有限责任公司煤场封闭改造项目建筑安装工程	大唐环境产业集团股份有限公司
三门峡华阳发电有限责任公司煤场封闭改造项目建筑安装工程	大唐环境产业集团股份有限公司
白沙湾公园施工总承包	深圳市大鹏新区建筑工务局
泾河新城正阳大道跨泾河大桥照明工程	陕西省西咸新区泾河新城开发建设（集团）有限公司
泸州市中心血站整体迁建项目（泸州市中心血站综合业务楼迁建项目和泸州市中心血站迁建项目）施工	泸州市政府投资建设工程管理第二中心
廖吉路吉安场镇改线段建设工程	南充市嘉陵区吉安镇人民政府
青岛市普通国省道路网命名编号调整工程（即墨分局）	青岛市公路管理局即墨分局
青岛市普通国省道路网命名编号调整工程（即墨分局）	青岛市公路管理局即墨分局
东风凤凰城项目土石方工程	东风汽车房地产有限公司武汉分公司
沮漳河近期防洪治理工程（枝江段）2018 年度项目施工二标	枝江市河道堤防建设管理局
张家口市公安消防支队崇礼区大队完善消防站布局项目—太子城一级消防站工程施工	张家口市公安消防支队崇礼区大队
德宏州陇川县麻栗坝灌区供电设施设计及施工（临时供电部分）	陇川县麻栗坝灌区管理局
2018年招商街道住宅小区消防整治工程（二标段）	深圳市南山区招商街道办事处
万华禾香板业公安县公司生产区项目消防工程	万华禾香板业（公安县）有限责任公司
山西沃能化工科技有限公司综合尾气制30万吨/年乙二醇联产LNG项目污水处理站成套设备和回用水处理站成套设备施工合同	中钢设备有限公司
山西沃能化工科技有限公司综合尾气制30万吨/年乙二醇联产LNG项目污水处理站成套设备和回用水站成套设备采购合同	中钢设备有限公司
增槎路-西洲北路人行天桥工程施工总承包	广州市白云区建设工程管理中心
岳阳市王家河流域综合治理工程施工第五标段	岳阳市王家河流域综合治理工程项目管理办公室
延安市南沟门水土保持示范园建设项目施工标项	延安市南沟门水利枢纽工程管理处
六安市东部新城核心区城镇化建设项目安置房（枣园北区）室外配套（景观、绿化、道路、交通、排水及照明）工程施工	中交水运规划设计院有限公司
长沙县2018年新增粮食产能规划田间工程建设项目第四标段	长沙县农业综合技术推广服务中心
金堂县县城三星南片区基础设施建设PPP项目深基坑变形监测标段	四川花园水城城乡产业发展投资开发有限责任公司
何叔衡、谢觉哉故居至G234/S327连接公路七标段	宁乡市交通建设投资有限公司
平顶山市宝丰县周庄镇皮庄村棚户区改造项目	中国建筑第七工程局有限公司
六盘水供电局2017年第二批极贫乡镇电网建设项目施工（第二标包）	贵州电网有限责任公司六盘水供电局
中海黎香湖卢塞恩Ⅱ建设项目户内及公共部位精装修工程Ⅱ标段（洋房12#-14#，联排23#-26#楼）	重庆中海实业有限公司
河曲CFB电厂#2汽轮机汽轮机揭缸检修项目低压部分	神华神东电力山西河曲发电有限公司
河曲CFB电厂#2汽轮机汽轮机揭缸检修项目高压部分	神华神东电力山西河曲发电有限公司
营山县火车客运站片区棚户区改造及保障性住房建设（保真建设点）二期主体及附属工程施工招标	营山县荣达公路建设有限责任公司
承秦高速公路秦皇岛段部分路段边坡增设防护及增设排水设施工程施工招标一标段	河北省高速公路承秦管理处
承秦高速公路秦皇岛段部分路段边坡增设防护及增设排水设施工程施工招标一标段	河北省高速公路承秦管理处
威宁•云景邻家广场土方平整工程	南宁威宁邻家投资股份有限公司
济宁市廉政教育中心中央空调安装工程	中国建筑一局（集团）有限公司
济南恒大龙奥御苑二期1#-13#楼及车库消防工程	济南东进龙鼎置业有限公司
融创祝桥镇核心区G-10地块商品住宅项目（三期）铝合金门窗工程	上海祝金房地产发展有限公司
秀水河（太湖新城中心区段）河道综合整治工程项目秀水河（吴都路~蠡河道）综合治理工程	无锡市太湖新城建设指挥部办公室
国家环境生态监测站周边景观改造工程	广州市白云区建设工程管理中心
衡山县黄花新区小学建设项目施工	衡山县兴山土地资产经营有限公司
西昌市城东南片区邛海东岸生态田园区市政道路工程监理	中国西昌经济开发区办公室
翠亨新区起步区基础设施填土工程（第六标段）	中山翠亨投资有限公司
广东省汕尾市品清湖蓝色海湾整治行动工程防波堤景观改造施工	中交广州水运工程设计研究院有限公司
广东省汕尾市品清湖蓝色海湾整治行动工程防波堤景观改造施工	中交广州水运工程设计研究院有限公司
重庆红江机械职工自建房一期项目主体及水电扩大劳务分包工程	中交一公局集团有限公司
佛山招商江湾路项目地块二总承包工程	佛山招商绿湖房地产有限公司
中海南京江北G06项目首开区桩基工程	南京海嘉房地产开发有限公司
华中师范大学南湖校区教学实验综合楼及地下停车场（一期）工程室内外园林景观绿化工程	华中师范大学
长春新区兴福大路道路、桥梁及排水工程监理	龙翔投资控股集团有限公司
巫山县当阳大峡谷景区至楚阳连接道工程（竹贤至平河段）第5合同段	巫山县交通开发有限公司
中驰地块（B地块）项目1号楼精装修工程	南京中驰置业有限公司
陕西金泰氯碱神木化工有限公司60万吨/年高性能树脂及配套装置环保创新技术工业化示范项目场平土石方工程A标段	陕西金泰氯碱神木化工有限公司
韶山市现代农业示范园道路提质改造项目第二合同段	韶山市交通运输局
深圳市坪山区生物医药企业加速器二期项目工程监理	深圳市坪山区产业投资服务有限公司
深圳市坪山区生物医药企业加速器二期项目工程监理	深圳市坪山区产业投资服务有限公司
莲花路（云海大道-云天大道）新建工程项目施工	株洲市龙母河生态新城开发有限公司
江西陶瓷工艺美术职业技术学院大学生创新创业园项目	江西陶瓷工艺美术职业技术学院
四川省巴中市黄石盘水库工程库周交通复建工程（南江县）第四合同段施工	南江县公路局
水城县2018年蟠龙片区城市棚户区改造项目（勘察-施工）总承包	水城县棚户区改造服务中心
2018年度溧水区农村公路提档升级工程-涧东线、东官线、观音寺支线、郑南线、老北线A12	南京市溧水区交通建设投资有限公司
海洋渔业增养殖生态模拟试验基地建设项目（施工）	中国水产科学研究院黄海水产研究所
长春新区北远达大街道路、桥梁及排水工程监理	龙翔投资控股集团有限公司
广州市科技项目评审中心淘金街技术业务用房改造维修工程项目	广州市科技项目评审中心
长春新区长德快一街道路、桥梁及排水工程监理	龙翔投资控股集团有限公司
中山市城中村及南区路灯设施维护项目	中山市市政维护管理处
中山市中心城区灯饰设施维护项目标段（二）	中山市市政维护管理处
重庆市荣昌区中医院迁建项目施工监理	重庆市荣昌区中医院
米易县丙谷镇市政基础设施综合改造（一期）工程建设项目和米易县丙谷镇城镇污水处理厂及配套管网工程项目（二期）	米易县安宁城市建设综合开发有限公司
国家环境生态监测站周边景观改造工程	广州市白云区建设工程管理中心
长沙县2018年新增粮食产能规划田间工程建设项目第七标段	长沙县农业综合技术推广服务中心
禹门口灌区节水改造工程2016年项目禹门口灌溉片二级干渠输变电工程施工标	山西省禹门口水利工程管理局
芒市大河出境河流水污染防治项目设计、施工总承包（EPC）	芒市环境保护局
陕西金泰氯碱神木化工有限公司60万吨/年高性能树脂及配套装置环保创新技术工业化示范项目场平土石方工程E标段	陕西金泰氯碱神木化工有限公司
S309天等至仙桥公路工程施工YLCZG20182001-T	天等县交通运输局
四川省汶川至马尔康高速公路项目绿化工程施工第LH1标段	四川汶马高速公路有限责任公司
广州南沙国际邮轮码头综合体项目（2015NJY-6地块）1号地一标段消防工程	中交一航局第四工程有限公司
成都百裕制药股份有限公司创新药物研发及生产基地（一期）幕墙工程项目	成都百裕制药股份有限公司
济源大峪镇20MWp分散式风电项目风电场及升压站建安工程I标段	中机国能电力工程有限公司
南部县大富乡落锅塘渡口改公路桥工程、南部县盘龙镇李渡口改公路桥工程、南部县余家口大桥（渡口改公路桥）建设工程施工2标段	南部县交通建设投资有限公司
君玺府C2地块A标段精装修工程装修	浙江朗诗建筑装饰有限公司
大兴区黄村镇DX00-0102-0802地块F1住宅混合公建用地项目全钢爬架	中国建筑第八工程局有限公司
江苏省高级人民法院新建审判业务楼幕墙工程设计施工一体化	江苏省高级人民法院
上栗县人民医院住院楼及医技楼新建及装修工程建设项目	上栗县人民医院
电谷科技中心1号生产厂房室内装修一期工程施工	保定市华科房地产开发有限公司
01-02地块土石方挖运和基坑支护及桩基工程	深圳市福航投资发展有限公司
监利县经济开发区产业园（一期）建设工程设计采购施工总承包	监利县劳动保障监察局
大别山（鄂东）区域医疗中心暨市中心医院整体搬迁建设工程—10KV配电系统项目	黄冈市中心医院
涪陵区蔺市移民迁建集镇小区综合帮扶项目(集镇房屋综合整治工程1标段)	重庆市涪陵区蔺市镇人民政府
眉山市交通及社会事业建设项目（PPP模式）环天府新区快速通道（G245至G213连接线K31+330~K32+940）公路工程	上海建工集团股份有限公司
山东省齐州监狱扩建项目红线外新增道路及环路工程（含路灯）二标段	山东省齐州监狱
潼南区城北水厂绿化工程	重庆市潼南自来水公司
淄博高铁新城基础设施建设项目道路绿化（二期）标段一：辛曹路（化北路—黄河大道）绿化工程、灌溉排水工程	淄博高新区政府投资工程建设中心
南靖县南坑镇船场溪（船场亭仔角—山城镇闽发大桥）安全生态水系建设项目	南靖县水利工程建设指挥部
广物汽贸广东长安4S店升级改造工程	广东长安汽车销售有限公司
青海省西海（海晏）至察汗诺公路XC-2标项目路基（一标段）工程	五矿二十三冶建设集团嘉天投资有限公司
石林国际大酒店整体维修项目-裙楼维修项目	曲靖福牌实业有限公司
恩平市管道天然气工程(第Ⅱ阶段)-第2标段	恩平市佛燃天然气有限公司
北矿化学科技（沧州）有限公司矿山化学品生产基地项目安装工程	北矿化学科技（沧州）有限公司
布拖县牛角湾乡毫沟村、解放村、罗家坪乡爱国村、前进村、丰收村、翻身村土地整理项目，布拖县龙潭镇红旗村、胜利村、幸福村、合井乡博瓜莫村、洛莫村、合井村土地整理项目	布拖县国土资源局
平湖片区应急供水工程	深圳市龙岗区建筑工务局
涞水县建材路（G112至东垒子）道路改造工程施工（一标段）	涞水县交通运输局公路管理站
天河体育场综合维修工程	广州天河体育中心
大唐滑县枣村风电场工程升压站土建及风机基础施工A标段风机基础及安装平台工程一标段	中国能源建设集团广东火电工程有限公司
河南配电网综合节能二期改造项目第四标包：商丘县区施工总包	平高集团有限公司
河南配电网综合节能二期改造项目第三标包：商丘市区施工总包	平高集团有限公司
谢岗镇爱民大道工程（樟木头镇路段）	东莞市金砺投资发展有限公司
莞樟路-生态园大道交通拥堵节点治理工程（东莞市第二批交通拥堵节点治理）	东莞市寮步镇人民政府
中海•高新区河东路南项目一标段土建总承包工程	青岛中海海新置业有限公司
学院壹号院项目中央新风系统供货安装工程	太原融创慧丰房地产开发有限公司
临港科技创新城A0202地块项目（主体工程）消防工程	上海建工七建集团有限公司
西南大学荣昌校区4000Kva电力增容项目	西南大学
新建济南至青岛高速铁路绿化专项设计竞争性磋商	济青高速铁路有限公司
经济开发区消防站（战勤保障）建设项目施工	潮州市政府项目建设中心
花都汽车产业基地赤坭园区纬七路（沙湾村～集益水库排洪渠段）改造工程	广州花都汽车城发展有限公司
陕西金泰氯碱神木化工有限公司60万吨/年高性能树脂及配套装置环保创新技术工业化示范项目场平土石方工程F标段	陕西金泰氯碱神木化工有限公司
南充市顺庆区长征路、果城路、胜利路、和平东路、莲池路、育英路街道路面改造及两侧建筑风貌整治工程勘察设计施工总承包（EPC）项目建筑风貌整治工程及光亮工程第7标段	中国五冶集团有限公司
林芝市2018年村道生命安全防护工程：第一标段：X409、ZT20、C109、C128、C115、C868、C124线生命安全防护工程	林芝市交通运输局
G246线潼南塘坝至岔路口段及双江至遂宁段大修工程二标段	重庆市潼南区建设工程（集团）有限公司
中国安徽省合肥市滨湖BH2016-20地块紫云别院项目消防专业分包工程	合肥锦顺房地产开发有限公司
G246线潼南塘坝至岔路口段及双江至遂宁段大修工程一标段	重庆市潼南区建设工程（集团）有限公司
山东省齐州监狱扩建项目红线外新增道路及环路工程（含路灯）二标段	山东省齐州监狱
“双提升”道路综合整治工程-华繁路（石龙公路~工业园路）	深圳市龙华区建筑工务局
山东省微湖监狱（岱庄关押点）迁建项目--4#监舍、入监严管楼（一期）工程	山东省微湖监狱
【鑫家西苑】项目景观园林及雨污水工程	郑州晟道置业有限公司
“双提升”道路综合整治工程-华繁路（石龙公路~工业园路）	深圳市龙华区建筑工务局
鄂州市2017年第一批棚户区改造项目杜沟片区安置点11#、12#、15#楼工程	鄂州经济开发区建设管理局
四川南部经济开发区企业公共服务能力提升工程设计、施工总承包	南部县经开投资开发有限公司
江罗高速公路2018年养护工区仓库及设施完善	广东省公路建设有限公司江罗分公司
河北奥林匹克体育中心下沉广场建筑装饰工程	河北省体育局
塘厦镇谢坑水景观工程	东莞市塘厦镇水务工程建设运营中心
远景吉县屯里风电场一期50MW工程风电场道路及平台施工承包	上海睿景能源科技有限公司
中国医科大学附属第一医院浑南国际医院（一期工程）建设项目室内零星装饰装修工程施工	中国医科大学附属第一医院
临川区2018年统筹整合资金推进高标准农田建设项目（第三片区）东馆-3标	抚州市临川区高标准农田建设领导小组办公室
施甸县农村信用合作联社新建办公综合业务用房内部装修工程	施甸县农村信用合作联社
南流江防洪治理工程合浦县常乐平心至石湾清水段（2018年度）Ⅴ标(兵岳段HE0+000~HE0+900、HF0+000~HF0+415、D4+200~D5+280)	合浦县海河堤工程管理站
青海省西海（海晏）至察汗诺公路XC-2标项目桥梁二标段工程	五矿二十三冶建设集团嘉天投资有限公司
曲景东路道路及管线工程施工	成都市新都区兴城建设投资有限公司
融水县铁西路易地扶贫搬迁道路工程设计、施工（EPC）总承包	融水苗族自治县汇东投资发展有限公司
【中海·华山珑城】西G地块一期室外道路及管网工程	济南中海城房地产开发有限公司
山西太钢不锈钢股份有限公司高端冷轧取向硅钢项目建设场地平整清障工程（第一标段）	山西太钢不锈钢股份有限公司
科韵路-临江大道桥下空间节点改造工程施工总承包	广州市天河区公路管理站
联纺路、荀子大街、毛遂大街、太极路道路绿化工程项目施工（标段七）	邯郸城市发展投资集团有限公司
昆明羊肠片区土地一级开发项目规划道路新建工程施工（第十一标段）	昆明滇池置业有限责任公司
嘉兴南湖区鹭栖庭院项目铝合金门窗采购工程	嘉兴新锦置业有限公司
武汉洪山区P（2017）163号地块一期一标段桩基及基坑支护工程	武汉军泰置业有限公司
西北电建303号110kV/10kV变电站建设工程总承包（EPC）项目分包项目“新建变电站”标段	中国能源建设集团西北电力建设工程有限公司
S208鹿寨至象州（鹿寨段）公路工程（2标）K11+000-K24+000施工	鹿寨县鹿之联投资有限责任公司
西藏拉洛水利枢纽及配套灌区工程拉洛电站机电设备安装工程	西藏自治区拉洛水利枢纽及灌区管理局
西藏拉洛水利枢纽及配套灌区工程机电设备采购项目	西藏自治区拉洛水利枢纽及灌区管理局
中海南京NO.2016G81项目B地块桩基	南京海汇房地产开发有限公司
龙园路（龙观路至建辉路）改造工程	深圳市龙华区建筑工务局
龙园路（龙观路至建辉路）改造工程	深圳市龙华区建筑工务局
民丰路（民治大道-民康路）交通改善工程	深圳市龙华区建筑工务局
物流园区配套区市政道路工程4号道路工程	秀山国兴土地开发有限公司
荔城龙舟比赛场（西岸运动员区域）装修改造项目施工总承包	广州市增城区公共建设项目管理办公室
民丰路（民治大道-民康路）交通改善工程	深圳市龙华区建筑工务局
建设路（东环二路到梅龙路）整治工程	深圳市龙华区建筑工务局
两园大道西段(物流园区段)市政道路工程	秀山华渝物流投资有限公司
天易科技城自主创业园一期I地块中国长城海洋信息安全产业化项目施工	株洲天易建设发展有限公司
昌乐县南关片区棚户区改造项目施工、消防、监理第九标段	昌乐县城市建设投资开发有限公司
北京中国府项目回迁公租房外墙保温涂料施工工程三标段	北京唯逸房地产开发有限公司
广州泰和肿瘤医院项目（一期）项目消防工程	广州泰和肿瘤医院有限公司
广州纺织博览中心项目南区政协地块地下室、裙楼、公寓及写字楼消防工程	广东珠江纺织博览中心有限公司
济南市历城区港沟街道潘庄村、田庄村城中村改造安置房项目消防工程一标段	济南市历城区彩石港沟片区建设服务中心
白桦林团圆1标段幕墙及门窗工程	中天建设集团有限公司
即墨城区东部医疗卫生中心项目智能化工程一标段	中电建建筑集团有限公司
南网能源华晨宝马汽车有限公司分布式光伏发电项目EPC总承包工程土建及钢结构分包工程	中国能源建设集团广东火电工程有限公司
滨河海马公园高层标段（10#、12#、14#楼）公共区域及室内精装修工程	郑州河海置业有限公司
枣强县拘留所业务用房建设项目工程施工	枣强县公安局
重庆市长寿区桃花溪汪家墩至母猪滩段综合治理工程	重庆市长寿区水利开发建设投资有限公司
西昌市2018年高效节水灌溉工程黄联关镇东坪村大德村项目	西昌市水务局
四川明欣药业生产基地项目装饰装修工程	四川明欣药业有限责任公司
建设路（东环二路到梅龙路）整治工程	深圳市龙华区建筑工务局
龙富南道（大里路-卫国路）新建工程-学院路至卫国路段施工	唐山市路北区市政设施管理处
宝安大道东侧（机场南路至机场三路）段给水管改造工程	深圳市深水宝安水务集团有限公司
西昌学院旅游实训中心改造工程采购项目	西昌学院
联围街（大浪河-老围第二工业区）改造工程	深圳市龙华区建筑工务局
竹溪县龙王河龙坝段治理工程项目一标段	竹溪县河道管理局
竹溪县龙王河龙坝段治理工程项目一标段	竹溪县河道管理局
高铁沿线增花添彩项目施工标段	邛崃市建设投资集团有限公司
中心城区市政主干道路路面及综合提升改造项目（康欣路、岐港公路、永兴街）	中山市代建项目管理办公室
西藏湘河水利枢纽及配套灌区工程-灌区工程一标段（包括昂加-山边灌片工程）	日喀则珠峰城市投资发展有限公司
石棉县第三敬老院适老化改造提升工程	石棉县民政局
国家级非物质文化遗产广阳镇民间故事保护利用设施建设工程	重庆市南岸区广阳镇人民政府
将乐县余家坪深呼吸小镇道路、康养基地公厕及垃圾中转站工程	将乐县城市建设发展集团有限公司
甲子塘社区周边环境提升项目—设计、施工总承包（EPC）	深圳市光明新区城市管理局
崇明区2018年中兴镇红星大公河河道整治工程	上海广福资产经营有限公司
会理县“十一五”通乡公路道路改善提升工程监理	会理县金沙交通路网建设开发经营有限责任公司
朱仙公路污水管工程	广州市增城区仙村镇人民政府
2019年前海公园综合管养	深圳市南山区前海公园管理所
天河区瘦狗岭9号大院微改造项目施工总承包	广州市天河区建设工程项目代建局
2018年世界航线发展大会白云机场环境提升项目	广州白云国际机场股份有限公司
东区枝山排洪渠出口段连通工程	广州开发区财政投资建设项目管理中心
高碑店市列车新城一期一二组团景观工程	高碑店市中誉房地产开发有限公司
金紫涌（水南支涌）黑臭河涌整治工程（二期）	广州市增城区新塘镇人民政府
广州云城办公室改造工程	深圳市华阳国际工程设计股份有限公司广州分公司
罗湖区笋岗街道城建梅园片区城市更新单元建筑物拆除工程	深圳市城建产业园发展有限公司
重庆长江造型材料集团铜梁有限公司环保覆膜砂生产及铸造废砂循环再生资源化项目	重庆长江造型材料集团铜梁有限公司
惠民县何坊街道香翟等三片区棚户区改造项目（福苑社区）一标段	山东惠民乐安置业有限责任公司
西安市临潼区2017 年农村公路安全生命防护工程	西安市临潼区农村公路管理站
德庆县人民医院异地迁建项目一期工程内部装修项目（专业装修）设计施工总承包	德庆县人民医院
高密市2018年城区道路交通护栏、标志牌增设、改造及路口信号灯设置安装项目标段一	高密市公安局交通警察大队
机场扩建项目产业用地场地平整二期工程	广西航港投资集团有限公司
济南市凤岐路道路建设工程（绿化工程）（一标段）	济南市历城区林业和城乡绿化局
广州市番禺区社会福利院挡土墙加固工程	广州市番禺区社会福利院
35条黑臭河涌流域整治—白云区白海面涌及琏窿支流支管完善工程施工	广州市白云区水务工程建设管理中心
福清马头山和王母山风电场风机及机电设备安装工程风电场设备及安装工程	中国能源建设集团广东火电工程有限公司
光明新区基层社区供水管网改造工程（八期）Ⅲ标	深圳市深水光明水务有限公司
联围街（大浪河-老围第二工业区）改造工程	深圳市龙华区建筑工务局
330国道永康段改建工程第LH02标段	永康市交通建设发展公司
中心城区污水处理厂二三期用地围蔽及临时便道工程	广州市增城区水务设施管理所
长沙中国铁建·山语城三期三组团消防施工工程	中铁房地产集团长沙置业有限公司
2018年盐湖区“四好农村路”建制村通村道路工程第一标段	运城市盐湖区交通运输局
雷波县永盛乡通乡通畅工程、雷池乡通乡通畅工程监理	雷波县公路工程技术服务中心
阳原县深度贫困村连接到户道路硬化工程项目(第十九标段-岳家庄)施工招标	阳原县马圈堡乡人民政府
成都航空动力产业园南区装备制造标准化厂房项目监理/标段	彭州合力园区建设开发有限公司
阳原县深度贫困村连接到户道路硬化工程项目第1、2标段（第2标段）	阳原县高墙乡人民政府
南沙滨海花园十期三区项目基坑支护工程	广州中璟慧富房地产开发有限公司
331省道宝应段改扩建工程交安设施工程S331BY-JA-02标段	宝应县国省及地方干线公路建设指挥部
原李一矿工广利用工程（一期）	淮南矿业（集团）有限责任公司直管地面工程建设（改造）项目部
山东新和成维生素有限公司生产管理中心外装工程	山东新和成维生素有限公司
滨江路综合改造工程—景观工程	广安市广安区住房和城乡建设局
徐闻县那板河治理工程	徐闻县中小型公益性水利工程建设管理中心
云南建设独龙江酒店装饰装修设计施工总承包	云南省城乡建设投资有限公司
云南省景谷县民乐河水库渠系工程一标段	景谷傣族彝族自治县民乐河水库工程管理局
云南省景谷县民乐河水库渠系工程一标段	景谷傣族彝族自治县民乐河水库工程管理局
湖北长阳云台荒风电场升压站电气、场内35kV集电线路施工、安装、调试	国家电投集团湖北长原新能源有限公司
遂宁市妇女儿童医院综合业务用房空调末端设备采购及安装、中心供氧系统采购及安装、综合布线工程（一标段）（三标段）（第三次）（项目名称）一标段	遂宁市妇女儿童医院
南充市五星小学育新校区教学及辅助用房和运动场建设项目	南充市五星小学
杨泗港长江大桥（国博大道立交-八坦立交）工程-交通工程	武汉杨泗港大桥有限公司
昆明华润置地悦府二期（A2地块）消防工程	昆明华润置地三联置业有限公司
南安市诗溪诗山镇段河道治理工程	南安市中小河流治理工程项目部、南安市诗山镇人民政府
北京首都国际机场股份有限公司首都机场二号航站楼前厅花岗岩地面翻新项目	北京首都国际机场股份有限公司
六安市东部新城核心区城镇化建设项目安置房（枣园北区）工程消防工程及防火门采购安装施工	中交水运规划设计院有限公司
六安市东部新城核心区城镇化建设项目安置房（枣园北区）工程消防工程及防火门采购安装施工	中交水运规划设计院有限公司
襄阳市南北轴线南延段新建工程（南内环～南外环）施工NBNY-2标段	襄阳市公路管理局
贵州建设职业技术学院图书信息楼改造工程设计施工总承包	贵州建设职业技术学院
选煤管理部生产调度及办公维修工程	淮南矿业集团选煤有限责任公司
大南华开发项目（一期）工程弱电工程所用喷泉水秀材料设备采购与供应	中建八局第二建设有限公司
巢湖市柘皋镇2018年农村道路畅通工程较大自然村道路硬化工程（赵院至大墩路等五条路）	巢湖市柘皋镇人民政府
中电子G8.6代线配套住房项目（非营利性配套租赁住房）监理标段	成都双流产业新城投资发展有限公司
龙洞水库除险加固工程	广州市天河区市政河涌管理所
南湾街道南岭村社区开放街6号后侧边坡等5个治理工程	深圳市龙岗区建筑工务局
山东省齐州监狱扩建项目1号厂房，2号厂房，3号厂房，换热站，会见楼，登记检查室，入监，严管楼，教学楼，伙房工程施工标段三	山东省齐州监狱
四川省犍为县芭石独立工矿区乐山高新区犍为基地孵化园工程施工	乐山高新投犍为基地建设开发有限责任公司
增城区新塘镇永和河东联段堤岸整治工程	广州市增城区新塘镇人民政府
增城区新塘镇永和河东联段堤岸整治工程	广州市增城区新塘镇人民政府
承德县2018年共建协议县乡村道路安防项目施工	承德县地方道路管理站
番禺区钟村街小公园建设工程	广州市番禺区钟村街城市建设服务中心
花都区花东工业园环境整饰项目-莘田工业园道路升级改造工程	广州市花都区花东镇人民政府
靖西市政务服务中心综合楼建设项目	靖西市政务服务管理办公室
齐齐哈尔市餐厨废弃物资源化利用及无害化处理项目扩建工程桩基工程	启迪桑德环境资源股份有限公司
金平县南列河60-64号界碑段界河治理工程二次	金平苗族瑶族傣族自治县藤条江堤防工程管理处
衡东县强制隔离戒毒所建设工程改造项目	衡东大地交通水利建设投资有限公司
科学大道（大观路-开创大道）道路改造工程施工总承包	广州开发区财政投资建设项目管理中心
南京市溧水区人民医院新建综合病房楼外立面工程施工总承包EPC	南京市溧水区人民医院
禹洲•南京溧水G09地块门窗、百叶及栏杆工程	南京雍祥房地产开发有限公司
南谯区2018年全国新增千亿斤粮食生产能力规划田间工程建设项目	滁州市南谯区农业委员会（区粮食局）
泸溪县一中学生宿舍楼建设工程	泸溪县第一中学
梅州市保利江南苑二期二标段批量精装修工程	保利（梅州）房地产开发有限公司
梅州市保利江南苑二期一标段批量精装修工程	保利（梅州）房地产开发有限公司
梅州市保利江南苑一期五标段精装修工程	保利（梅州）房地产开发有限公司
西乡街道市政道路绿化管养服务（A包）	深圳市宝安区西乡街道办事处
武汉航空企业总部区域市政配套工程（三期）给水工程	武汉临空经济区建设投资开发有限公司
金平县南列河60-64号界碑段界河治理工程二次	金平苗族瑶族傣族自治县藤条江堤防工程管理处
新平县2018年第一批电动汽车充电基础设施项目、2018年第七批应急项目、2018年自筹农网项目	云南电网有限责任公司玉溪供电局
增城区新塘镇大敦村大塘洲堤围安全加固工程	广州市增城区新塘镇人民政府
济南市凤岐路道路建设工程（绿化工程）（三标段）	济南市历城区林业和城乡绿化局
大连东港C07地块3、4、5号楼设备平台保温工程	大连复年置业有限公司
焦作市运管局安全教育基地设备采购	焦作市道路运输管理局
路灯设施养护服务A包	深圳市宝安区市容环境综合管理服务中心
广州市增城区联和灌区管理所水库三防抢险调度中心生产用房重建工程	广州市增城区联和灌区管理所
潍坊滨海旅游建设发展有限公司在水一方13#楼1-18层宿舍楼及19-21层专家公寓装修设计施工一体化项目	潍坊滨海旅游建设发展有限公司
巢湖市2018年农村公路安全生命防护工程（县乡道）及新增里程安保工程施工	巢湖市交通运输局
福民社区狮径二组吓地综合整治工程	深圳市龙华区福城街道办事处
西昌市乡镇干部“安心工程”建设项目	中共西昌市委组织部
布拖县2018年第一批校舍建设项目（三期）施工	布拖县教育和科学技术知识产权局
金阳县2018年易地扶贫搬迁天地坝镇吉史里口村垭口组等7处集中安置点及部分基础设施建设项目施工	金阳宏达国投有限公司
木里县后所乡岩里村易地扶贫搬迁集中安置点二期基础设施建设项目	木里藏族自治县以工代赈办公室
全国新增1000亿斤粮食生产能力会东县2018年田间工程建设项目	会东县农牧局
安庆市菱湖风景区东片泰鑫地块绿化景观整治工程施工	安庆市园林管理局
海尔云玺项目1-3#楼封阳台工程	青岛海云谷置业有限公司
淄博高新区鲁信路北延工程	淄博高新区政府投资工程建设中心
南宁市东盟文化园配套道路工程绿化工程	南宁纵横时代建设投资有限公司
建宁县医院项目附属电力线路迁移工程A标段	建宁县卫生和计划生育局
兴宁市省定贫困村创建社会主义新农村示范村建设和全域推进人居环境整治建设生态宜居美丽乡村工程项目（标段一即第一片区）	中共兴宁市委农村工作办公室
兴山县龙头坪至东坪公路路面硬化工程	兴山县黄粮生态工业园投资发展有限公司
佛山高新区（狮山镇）火灾隐患排查检测整治项目包组1	佛山市南海区狮山镇安全生产监督管理局
巴马瑶族自治县巴马镇、百林乡、东山乡、甲篆镇等10个乡镇城乡建设用地增减挂钩项目	巴马农林投资发展有限公司
洪雅县孙坝大桥渡改桥工程施工/标段	洪雅县交通实业有限责任公司
兖矿国宏化工有限责任公司气化灰水除硬改造项目EPC总承包	兖矿国宏化工有限责任公司
荔湾车管分所周边环境综合整治工程	广州市荔湾区建设项目管理中心
怀来县2018年京津风沙源治理二期工程水利项目施工	怀来县水务局
山东省齐州监狱扩建项目3号厂房，会见楼，登记检查室工程施工	山东省齐州监狱
承朝高速公路2018年养护专项隧道水消防系统增设工程施工XF-1标段	河北省高速公路承朝管理处
中国科学院机器人与智能制造创新研究院（一期）项目园区绿化工程施工第一标段	中国科学院沈阳自动化研究所
合肥汇景中心项目B、C栋及商业裙楼与二区地下室消防工程	合肥富华置业有限公司
融侨观澜花园项目消防工程	安徽融和房地产开发有限公司
清华华商河南科教基地项目暖通工程第一标段	河南省国土资源开发投资管理中心
华严4组幼儿园工程项目土石方及护壁工程	成都市兴光华城市建设有限公司
西海岸新区资源综合利用中心项目一标段	青岛康尼尔董家口环保科技有限公司
武乡县东干线供水工程施工标06标	武乡县东干线供水工程建设综合项目部
楼村水（翠湖社区段）两岸环境综合提升工程	深圳市光明区光明街道办事处
常州高力公寓二期地库南区B和北区B基坑支护及北区B桩基工程	常州高力国际汽车博览城置业有限公司
滨州市沾化区古城镇0.6万亩农业综合开发高标准农田建设项目	滨州市沾化区古城镇人民政府
南京市九乡河治理二期工程施工三标段	南京市栖霞区九乡河治理二期工程建设处
南京市九乡河治理二期工程施工三标段	南京市栖霞区九乡河治理二期工程建设处
324国道新厝段新建路灯工程	福清市城投建设投资集团有限公司
云南省金平县金水河三级水电站 110kV线路送出工程（二次）合同	广东水电云南投资金平电力有限公司新寨水电厂
北京科学中心临时展厅、生命乐章展厅布展深化设计、制作实施及相关服务01包	北京科学中心
北京科学中心展教功能生命乐章展项深化设计、制作及相关服务01包	北京科学中心
青羊区浣花幼儿园工程土石方及护壁工程	成都市兴光华城市建设有限公司
空港物流园A区水系改造（东面水系）工程	广西航港投资集团有限公司
百花涌黑臭河涌整治（水利部分）	广州市增城区人民政府荔城街道办事处
百花涌黑臭河涌整治（黑臭整治部分沿河涌截污管及清淤）	广州市增城区人民政府荔城街道办事处
五山至良田（兴宾区段）三级公路土建工程No.1标延长线	来宾市兴宾区农村公路工程建设指挥部办公室
太平中学升级改造项目施工工程	泾阳县太平镇太平中学
武汉市居住项目（知音湖畔二期B区）消防分包工程	武汉凯惠置业有限公司
襄阳吾悦广场项目住宅（C、D、E、F地块）基坑支护降水工程施工	襄阳新城亿博房地产开发有限公司
安徽保利柏林之春项目一期塑钢门窗工程（Ⅱ标段）	合肥和德房地产有限公司
合肥保利海上五月花项目四期D9#楼商业幕墙及商办入口钢构架工程	合肥保利和筑房地产有限公司
涟源市安平镇城棚改造配套基础设施建设项目	涟源市安平镇人民政府
武汉龙湖光谷五路项目消防工程	武汉京文置业有限公司
天河体育场观众看台防水补漏维修工程施工专业承包	广州天河体育中心
防城港市北港安置住宅区三期用电工程	防城港市港口区城市建设投资有限责任公司
滇中空港商务广场配套酒店室内装修设计招标	云南滇中城市建设投资开发有限责任公司
社区公园综合管养服务项目（B包）	深圳市宝安区新桥街道办事处
35条黑臭河涌流域整治—白云区白海面涌及琏窿支流支管完善工程施工	广州市白云区水务工程建设管理中心
贵州建设职业技术学院图书信息楼改造工程设计施工总承包	贵州建设职业技术学院
安徽大学艺术与传媒学院文忠路校区建设项目景观绿化工程施工	安徽大学艺术与传媒学院
浙江民政康复中心（浙江康复医院）异地扩建工程装修装饰工程II标段（净化及医用气体工程）	浙江民政康复中心（浙江康复医院）
竹柏路（中门路-金凤桥南路）道路工程施工	岳阳市城市建设投资集团有限公司
长动路（城铁西路—冷水铺路）道路工程	岳阳市水利建设投资有限公司
西部文化产业中心暖通工程	四川日报报业集团
富顺县2018年国家农业综合开发高标准农田建设项目(一标段)	富顺县安溪镇人民政府
百花涌黑臭河涌整治（水利部分）	广州市增城区人民政府荔城街道办事处
绵阳职业技术学院孵化楼项目监理/标段	绵阳职业技术学院
成都市第四人民医院九江康复病区改扩建工程项目监理/标段	成都市第四人民医院
百花涌黑臭河涌整治（黑臭整治部分沿河涌截污管及清淤）	广州市增城区人民政府荔城街道办事处
黄土7组公服设施工程项目土石方及护壁工程	成都市兴光华城市建设有限公司
阳光城集团广州区域公司万国九、十十一期项目土石方工程	广东逸涛万国房地产有限公司
华俨7组规划配套综合体土石方及护壁工程施工	成都市兴光华城市建设有限公司
隆回县城北新区道路工程（隆回大道）通信管道工程	邵阳魏源投资发展有限公司
增城区白洞森林公园绿道建设工程	广州市增城区林业和园林局
金融街·花溪小镇项目2A期燃气工程	广州融都置业有限公司
邛崃市市民中心配套项目	邛崃市建设投资集团有限公司
宁夏干线公路标识标志牌更新工程施工第六标段施工	宁夏公路管理局
宁夏干线公路标识标志牌更新工程施工第五标段施工	宁夏公路管理局
亚洲开发银行贷款宁夏六盘山扶贫农村公路发展项目郑旗经九彩至寺口子：三级公路改建，27.906公里，沥青路第1标段（合同号：TR-HY-C03）	海原县交通运输局
沣西新城天福和园二期消防工程	陕西省西咸新区沣西新城开发建设（集团）有限公司
河南省黄河迎宾馆七号楼改造项目装修工程	河南省黄河迎宾馆
湖北省未成年犯管教所迁建工程道路、场地施工	湖北省未成年犯管教所
广西梧州市长洲区人民武装部新营院建设项目公寓楼、大门、附属楼、室外工程施工招标	梧州市长洲区机关服务中心
京能秦皇岛开发区2×35万千瓦热电联产工程钢板库EPC总承包	京能秦皇岛热电有限公司
2018年武清城区合流制管网改造工程五标段	天津市武清区水利工程建设管理中心
安托山四路（规划北侧道路至侨香四道）、安托山五路（侨香五道至侨香四道）、侨香五道（安托山四路至安托山六路）市政工程施工总承包	深圳市万科房地产有限公司
珠海横琴天建保税仓储配套服务中心项目主体工程	珠海大横琴口岸实业有限公司
木兰镇片区配置建设用地公建配套项目（派出所）	成都市新都区兴城建设投资有限公司
铜绿山铜矿尾矿库闭库工程-库区空区（溶洞）治理工程	大冶有色金属有限责任公司
荆门市东宝区龙凤山公园工程仿古建筑工程	中国一冶集团有限公司
美林M•LIVE天地A馆采光顶幕墙安装工程	广州市美林基业投资有限公司，广州市美林基业文化发展有限公司
金科集美江悦（地块二）紫荆小学段边坡支护工程	重庆金科骏宏房地产开发有限公司
广钢新城公交站场项目施工总承包	广州市交通站场建设管理中心
南宁市现有高速公路东环改快速路一期工程-玉洞大道立交工程（绿化工程）	南宁纵横时代建设投资有限公司
四川省汶川至马尔康高速公路项目绿化工程施工第LH2标段	四川汶马高速公路有限责任公司
萧县皇藏峪旅游开发项目-景观绿化道路、停车场及照明工程（施工）	安徽省皇藏峪旅游发展有限公司
济南舜奥酒店一层酒店包间及公共空间的装修及安装工程	济南胜鑫园林工程有限公司
郑州市郑东新区大吴路等三条道路工程施工一标段	郑州新发展基础设施建设有限公司
湖北省环境监控中心省监测站实验室基础配套装备与系统工程建设项目	湖北省环境保护厅
湖北省未成年犯管教所迁建工程道路、场地施工	湖北省未成年犯管教所
湖北省核与辐射环境监测技术中心实验室基础配套装备与系统工程建设项目	湖北省环境保护厅
长航局档案用房展览报告厅改造工程	长江航务管理局机关事务中心
台山市大隆洞河镇口河支流整治工程	台山市水利工程建设管理中心
科韵路（琶洲大桥-仑头收费站）品质建设工程设计施工总承包	广州市广园路建设公司
科韵路（琶洲大桥-仑头收费站）品质建设工程设计施工总承包	广州市广园路建设公司
2018年度既有居住建筑节能改造纺织小区101楼、唐车小区1楼等工程施工	唐山市丰润区住房和城乡建设局
无锡维尚家居科技有限公司新建生产厂房、仓储用房、办公综合用房及其他辅助用房项目消防工程施工	无锡维尚家居科技有限公司
金地商置南京河西商业地块 14#、15#楼公寓户内精装修工程一标段	南京威新房地产开发有限公司
广州保税区物流园内00054号等地块硬化围蔽工程	广保国际集团有限公司
广东省高速公路有限公司部分营运项目2018年交通安全设施养护专项工程(B4湛徐标段)	广东省高速公路有限公司湛江分公司
广东省高速公路有限公司部分营运项目2018年交通安全设施养护专项工程(B3渝湛标段)	广东省高速公路有限公司湛江分公司
广东省高速公路有限公司部分营运项目2018年交通安全设施养护专项工程(B2新台标段)	广东省高速公路有限公司台山分公司
普格县黎安乡马龙塘村等9个村组道路桥梁工程项目	普格县交通运输局
2017年度广州市花都区梯面镇红山村现有耕地提质改造项目	广州市花都区梯面镇人民政府
粤东大厦办公用房修缮改造项目施工	饶平县机关事务管理局
保定市徐水区环城高速两侧廊道绿化工程施工二标段	保定市徐水区农业局
中国铁塔股份有限公司湖北省分公司2018年机房动力配套（改造）施工（讯联科技股份有限公司）	中国铁塔股份有限公司湖北省分公司
章阁新村北区综合整治工程-设计、勘察、施工项目总承包（EPC）	深圳市龙华区福城街道办事处
阳光城集团广州公司雅苑五期示范区及二标段园建景观及小市政工程	广州南沙经济技术开发区逸涛雅苑房地产有限公司
蒙华铁路铺架-1标、土建-10标工程施工暂估价工程	中铁一局集团有限公司
章阁新村北区综合整治工程-设计、勘察、施工项目总承包（EPC）	深圳市龙华区福城街道办事处
中铁十五局集团城市轨道交通工程有限公司广州市轨道交通十八和二十二号线项目盾构机运输吊装合同	中铁十五局集团城市轨道交通工程有限公司
2017年度增城区石滩镇灯坣村高标准农田建设项目	广州市增城区石滩镇人民政府
天津市中新天津生态城起步区吉宝置业二期住宅9#地块外檐装修专业分包工程	中铁建工集团有限公司
凤凰至大利公路（凤凰至大湾段）工程№1标段	来宾市兴宾区农村公路工程建设指挥部办公室
西昌市川兴中学教师周转房建设工程施工	西昌市川兴中学
侨香五道管廊设施建设工程施工总承包	深圳市万科发展有限公司
山东省微湖监狱（岱庄关押点）迁建项目--1#监舍、卫生所、伙房（一期）建设项目施工	山东省微湖监狱
广东省高速公路有限公司部分营运项目2018年交通安全设施养护专项工程(B1茂湛标段)	广东茂湛高速公路有限公司
路劲九郡天籁园断桥铝门窗工程施工	郑州华首宏田置业有限公司
茶陵县S320线2017年大修（灾毁重建）工程施工第一、第二标段一标段	茶陵县交通建设投资经营有限公司
中山大学附属肿瘤医院与华乐街道共建先烈南路19号大院来穗人员党群活动中心及职工活动中心改造项目施工总承包	中山大学附属肿瘤医院
第五标：德宏州陇川县麻栗坝灌区近允水库枢纽及其干渠工程	陇川县麻栗坝灌区管理局
启航佳苑（安置）小区室外道路改造工程	西安沣东城建开发有限公司
芜申线（高溧段）水上 服务区（A楼、B楼、航道保障用房、厨房餐厅、门卫）装修工程	溧阳市航道管理处
辽宁省优抚医院弱电工程施工	辽宁省优抚医院
228省道张家港北段路面改造工程交安设施施工项目	张家港市交通道路工程建设指挥部
芜申线（高溧段）水上服务区（A楼、B楼、航道保障用房、厨房餐厅、门卫）装修工程	溧阳市航道管理处
巢湖市柘皋镇工民、驷马村美丽乡村建设工程2标段	巢湖市柘皋镇人民政府
安庆市菱北新能源汽车配套产业园工程施工	安庆菱北同富兴投资有限公司
南京市溧水区人民医院新建综合病房楼外立面工程施工总承包EPC	南京市溧水区人民医院